1	13	24	234	\N	completed	30.9	95.0	100.0	2026-08-10 15:55:00	2026-08-10 16:55:00	60	99.4	flat	69.58	0.0	69.58	0	\N	9	2026-08-10 15:49:00	2026-08-10 16:57:00
2	8	22	211	\N	completed	31.2	95.0	45.1	2026-08-10 15:20:00	2026-08-10 17:31:00	131	13.93	flat	9.75	0.0	9.75	0	\N	1	2026-08-10 15:14:00	2026-08-10 17:33:00
3	13	8	78	\N	completed	39.0	95.0	62.5	2026-08-10 18:02:00	2026-08-10 22:08:00	246	23.5	peak	23.5	0.0	23.5	0	\N	2	2026-08-10 17:56:00	2026-08-10 22:10:00
4	4	23	226	\N	completed	10.5	95.0	26.3	2026-08-10 09:33:00	2026-08-10 11:58:00	145	15.84	flat	11.09	0.0	11.09	0	\N	1	2026-08-10 09:27:00	2026-08-10 12:00:00
5	5	4	39	\N	completed	20.2	95.0	46.7	2026-08-10 07:50:00	2026-08-10 11:50:00	240	26.47	valley	10.59	0.0	10.59	0	\N	2	2026-08-10 07:44:00	2026-08-10 11:52:00
6	3	18	169	\N	completed	38.6	95.0	100.0	2026-08-10 17:54:00	2026-08-10 19:17:00	83	109.57	peak	109.57	0.0	109.57	0	\N	10	2026-08-10 17:48:00	2026-08-10 19:19:00
7	16	29	278	\N	completed	28.9	95.0	62.9	2026-08-10 16:39:00	2026-08-10 17:21:00	42	34.03	flat	23.82	0.0	23.82	0	\N	3	2026-08-10 16:33:00	2026-08-10 17:23:00
8	8	5	47	\N	completed	31.1	95.0	55.7	2026-08-10 20:06:00	2026-08-10 23:57:00	231	24.63	peak	24.63	0.0	24.63	0	\N	2	2026-08-10 20:00:00	2026-08-10 23:59:00
9	6	16	154	\N	completed	11.7	95.0	81.3	2026-08-10 06:02:00	2026-08-10 06:43:00	41	69.59	valley	27.84	0.0	27.84	0	\N	6	2026-08-10 05:56:00	2026-08-10 06:45:00
10	14	8	75	\N	completed	30.5	95.0	100.0	2026-08-10 10:33:00	2026-08-10 11:28:00	55	71.1	flat	49.77	0.0	49.77	0	\N	7	2026-08-10 10:27:00	2026-08-10 11:30:00
11	6	5	41	\N	completed	30.5	95.0	98.2	2026-08-10 07:55:00	2026-08-10 09:14:00	79	67.73	valley	27.09	0.0	27.09	0	\N	6	2026-08-10 07:49:00	2026-08-10 09:16:00
12	5	13	119	\N	completed	17.7	95.0	100.0	2026-08-10 14:40:00	2026-08-10 15:49:00	69	115.66	flat	80.96	0.0	80.96	0	\N	11	2026-08-10 14:34:00	2026-08-10 15:51:00
13	15	15	148	\N	completed	23.3	95.0	51.5	2026-08-10 00:34:00	2026-08-10 05:27:00	293	28.16	valley	11.26	0.0	11.26	0	\N	2	2026-08-10 00:28:00	2026-08-10 05:29:00
14	10	22	218	\N	completed	19.1	95.0	49.1	2026-08-10 09:16:00	2026-08-10 14:12:00	296	29.99	flat	20.99	0.0	20.99	0	\N	2	2026-08-10 09:10:00	2026-08-10 14:14:00
15	16	6	55	\N	completed	27.2	95.0	100.0	2026-08-10 23:24:00	2026-08-11 00:19:00	55	73.08	flat	51.16	0.0	51.16	0	\N	7	2026-08-10 23:18:00	2026-08-11 00:21:00
16	10	1	12	\N	completed	27.0	95.0	55.3	2026-08-10 23:25:00	2026-08-11 04:13:00	288	28.26	flat	19.78	0.0	19.78	0	\N	2	2026-08-10 23:19:00	2026-08-11 04:15:00
17	2	26	255	\N	completed	28.2	95.0	48.9	2026-08-10 17:49:00	2026-08-10 21:02:00	193	20.71	peak	20.71	0.0	20.71	0	\N	2	2026-08-10 17:43:00	2026-08-10 21:04:00
18	7	13	129	\N	completed	29.8	95.0	60.8	2026-08-10 09:48:00	2026-08-10 14:41:00	293	31.04	flat	21.73	0.0	21.73	0	\N	3	2026-08-10 09:42:00	2026-08-10 14:43:00
19	4	2	21	\N	completed	27.4	95.0	47.5	2026-08-11 07:50:00	2026-08-11 11:09:00	199	20.11	valley	8.04	0.0	8.04	0	\N	2	2026-08-11 07:44:00	2026-08-11 11:11:00
20	3	16	152	\N	completed	16.0	95.0	93.6	2026-08-11 17:47:00	2026-08-11 18:47:00	60	77.61	peak	77.61	0.0	77.61	0	\N	7	2026-08-11 17:41:00	2026-08-11 18:49:00
21	12	28	272	\N	completed	14.9	95.0	39.2	2026-08-11 18:58:00	2026-08-11 23:06:00	248	24.33	peak	24.33	0.0	24.33	0	\N	2	2026-08-11 18:52:00	2026-08-11 23:08:00
22	16	16	152	\N	completed	13.5	95.0	100.0	2026-08-11 20:55:00	2026-08-11 22:22:00	87	111.03	peak	111.03	0.0	111.03	0	\N	11	2026-08-11 20:49:00	2026-08-11 22:24:00
23	5	12	116	\N	completed	21.9	95.0	52.7	2026-08-11 21:46:00	2026-08-12 02:39:00	293	30.8	flat	21.56	0.0	21.56	0	\N	3	2026-08-11 21:40:00	2026-08-12 02:41:00
24	12	5	47	\N	completed	13.7	95.0	35.3	2026-08-11 19:00:00	2026-08-11 22:41:00	221	21.65	peak	21.65	0.0	21.65	0	\N	2	2026-08-11 18:54:00	2026-08-11 22:43:00
25	9	21	196	\N	completed	17.0	95.0	44.0	2026-08-11 10:23:00	2026-08-11 15:06:00	283	26.95	flat	18.86	0.0	18.86	0	\N	2	2026-08-11 10:17:00	2026-08-11 15:08:00
26	11	12	114	\N	completed	23.9	95.0	53.7	2026-08-11 02:04:00	2026-08-11 06:49:00	285	29.77	valley	11.91	0.0	11.91	0	\N	2	2026-08-11 01:58:00	2026-08-11 06:51:00
27	14	7	60	\N	completed	19.1	95.0	86.9	2026-08-11 17:02:00	2026-08-11 17:50:00	48	67.82	peak	67.82	0.0	67.82	0	\N	6	2026-08-11 16:56:00	2026-08-11 17:52:00
28	4	13	121	\N	completed	21.1	95.0	100.0	2026-08-11 14:08:00	2026-08-11 15:22:00	74	127.03	flat	88.92	0.0	88.92	0	\N	12	2026-08-11 14:02:00	2026-08-11 15:24:00
29	14	9	80	\N	completed	24.7	95.0	78.5	2026-08-11 21:41:00	2026-08-11 22:47:00	66	53.78	flat	37.65	0.0	37.65	0	\N	5	2026-08-11 21:35:00	2026-08-11 22:49:00
30	9	2	17	\N	completed	23.3	95.0	100.0	2026-08-11 11:23:00	2026-08-11 12:47:00	84	139.88	flat	97.92	0.0	97.92	0	\N	13	2026-08-11 11:17:00	2026-08-11 12:49:00
31	12	6	51	\N	completed	39.3	95.0	100.0	2026-08-11 08:23:00	2026-08-11 09:46:00	83	109.77	flat	76.84	0.0	76.84	0	\N	10	2026-08-11 08:17:00	2026-08-11 09:48:00
32	13	14	142	\N	completed	34.7	95.0	53.2	2026-08-11 10:07:00	2026-08-11 12:55:00	168	18.47	flat	12.93	0.0	12.93	0	\N	1	2026-08-11 10:01:00	2026-08-11 12:57:00
33	7	1	11	\N	completed	39.7	95.0	52.8	2026-08-11 06:50:00	2026-08-11 09:02:00	132	13.09	valley	5.24	0.0	5.24	0	\N	1	2026-08-11 06:44:00	2026-08-11 09:04:00
34	7	4	36	\N	completed	16.5	95.0	100.0	2026-08-11 18:35:00	2026-08-11 20:03:00	88	109.7	peak	109.7	0.0	109.7	0	\N	10	2026-08-11 18:29:00	2026-08-11 20:05:00
35	11	8	76	\N	completed	18.3	95.0	100.0	2026-08-11 19:57:00	2026-08-11 21:27:00	90	120.07	peak	120.07	0.0	120.07	0	\N	12	2026-08-11 19:51:00	2026-08-11 21:29:00
36	5	29	277	\N	completed	29.8	95.0	99.2	2026-08-11 22:51:00	2026-08-11 23:47:00	56	69.4	flat	48.58	0.0	48.58	0	\N	6	2026-08-11 22:45:00	2026-08-11 23:49:00
37	1	20	184	\N	completed	19.7	95.0	100.0	2026-08-11 02:50:00	2026-08-11 04:20:00	90	112.82	valley	45.13	0.0	45.13	0	\N	11	2026-08-11 02:44:00	2026-08-11 04:22:00
38	2	7	65	\N	completed	11.9	95.0	33.5	2026-08-11 07:33:00	2026-08-11 11:20:00	227	21.64	valley	8.66	0.0	8.66	0	\N	2	2026-08-11 07:27:00	2026-08-11 11:22:00
39	12	27	263	\N	completed	16.6	95.0	44.0	2026-08-11 12:06:00	2026-08-11 16:37:00	271	27.44	flat	19.21	0.0	19.21	0	\N	2	2026-08-11 12:00:00	2026-08-11 16:39:00
40	17	16	155	\N	completed	11.8	95.0	37.9	2026-08-11 16:41:00	2026-08-11 20:38:00	237	26.12	flat	18.28	0.0	18.28	0	\N	2	2026-08-11 16:35:00	2026-08-11 20:40:00
41	14	6	56	\N	completed	12.2	95.0	39.0	2026-08-12 19:45:00	2026-08-12 23:50:00	245	26.77	peak	26.77	0.0	26.77	0	\N	2	2026-08-12 19:39:00	2026-08-12 23:52:00
42	5	4	34	\N	completed	27.6	95.0	100.0	2026-08-12 06:17:00	2026-08-12 07:05:00	48	85.79	valley	34.32	0.0	34.32	0	\N	8	2026-08-12 06:11:00	2026-08-12 07:07:00
43	13	28	272	\N	completed	22.9	95.0	42.8	2026-08-12 17:29:00	2026-08-12 20:44:00	195	19.93	peak	19.93	0.0	19.93	0	\N	1	2026-08-12 17:23:00	2026-08-12 20:46:00
44	4	30	283	\N	completed	23.5	95.0	100.0	2026-08-12 18:55:00	2026-08-12 20:21:00	86	107.36	peak	107.36	0.0	107.36	0	\N	10	2026-08-12 18:49:00	2026-08-12 20:23:00
45	11	24	233	\N	completed	19.4	95.0	100.0	2026-08-12 08:26:00	2026-08-12 09:31:00	65	118.23	flat	82.76	0.0	82.76	0	\N	11	2026-08-12 08:20:00	2026-08-12 09:33:00
46	9	21	192	\N	completed	12.0	95.0	58.0	2026-08-12 09:43:00	2026-08-12 10:32:00	49	45.98	flat	32.19	0.0	32.19	0	\N	4	2026-08-12 09:37:00	2026-08-12 10:34:00
47	3	23	222	\N	completed	34.4	95.0	97.2	2026-08-12 18:47:00	2026-08-12 19:33:00	46	62.85	peak	62.85	0.0	62.85	0	\N	6	2026-08-12 18:41:00	2026-08-12 19:35:00
48	11	7	63	\N	completed	38.2	95.0	100.0	2026-08-12 15:22:00	2026-08-12 16:28:00	66	92.17	flat	64.52	0.0	64.52	0	\N	9	2026-08-12 15:16:00	2026-08-12 16:30:00
49	2	15	148	\N	completed	27.3	95.0	54.5	2026-08-12 11:19:00	2026-08-12 15:52:00	273	27.16	flat	19.01	0.0	19.01	0	\N	2	2026-08-12 11:13:00	2026-08-12 15:54:00
50	16	12	115	\N	completed	21.0	95.0	36.9	2026-08-12 08:22:00	2026-08-12 10:49:00	147	15.89	flat	11.12	0.0	11.12	0	\N	1	2026-08-12 08:16:00	2026-08-12 10:51:00
51	8	22	220	\N	completed	28.4	95.0	56.7	2026-08-12 18:49:00	2026-08-12 23:12:00	263	28.31	peak	28.31	0.0	28.31	0	\N	2	2026-08-12 18:43:00	2026-08-12 23:14:00
52	1	14	137	\N	completed	32.9	95.0	84.6	2026-08-12 16:11:00	2026-08-12 16:52:00	41	51.72	flat	36.2	0.0	36.2	0	\N	5	2026-08-12 16:05:00	2026-08-12 16:54:00
53	12	1	4	\N	completed	29.7	95.0	71.6	2026-08-12 20:55:00	2026-08-12 21:46:00	51	41.9	peak	41.9	0.0	41.9	0	\N	4	2026-08-12 20:49:00	2026-08-12 21:48:00
54	1	5	47	\N	completed	23.6	95.0	49.1	2026-08-12 06:13:00	2026-08-12 10:28:00	255	25.48	valley	10.19	0.0	10.19	0	\N	2	2026-08-12 06:07:00	2026-08-12 10:30:00
55	10	18	167	\N	completed	36.5	95.0	100.0	2026-08-12 07:36:00	2026-08-12 09:05:00	89	118.74	valley	47.5	0.0	47.5	0	\N	11	2026-08-12 07:30:00	2026-08-12 09:07:00
56	2	5	42	\N	completed	24.6	95.0	100.0	2026-08-12 07:28:00	2026-08-12 08:25:00	57	102.52	valley	41.01	0.0	41.01	0	\N	10	2026-08-12 07:22:00	2026-08-12 08:27:00
57	9	12	111	\N	completed	13.3	95.0	38.2	2026-08-12 12:07:00	2026-08-12 16:18:00	251	24.94	flat	17.46	0.0	17.46	0	\N	2	2026-08-12 12:01:00	2026-08-12 16:20:00
58	16	28	270	\N	completed	21.9	95.0	100.0	2026-08-12 17:19:00	2026-08-12 18:41:00	82	99.24	peak	99.24	0.0	99.24	0	\N	9	2026-08-12 17:13:00	2026-08-12 18:43:00
59	1	12	105	\N	completed	32.9	95.0	100.0	2026-08-12 16:13:00	2026-08-12 17:12:00	59	80.99	flat	56.69	0.0	56.69	0	\N	8	2026-08-12 16:07:00	2026-08-12 17:14:00
60	1	26	255	\N	completed	26.0	95.0	48.0	2026-08-13 09:11:00	2026-08-13 13:01:00	230	21.99	flat	15.39	0.0	15.39	0	\N	2	2026-08-13 09:05:00	2026-08-13 13:03:00
61	12	4	37	\N	completed	23.1	95.0	100.0	2026-08-13 08:55:00	2026-08-13 10:00:00	65	118.47	flat	82.93	0.0	82.93	0	\N	11	2026-08-13 08:49:00	2026-08-13 10:02:00
62	3	17	161	\N	completed	31.3	95.0	100.0	2026-08-13 13:27:00	2026-08-13 14:43:00	76	101.01	flat	70.71	0.0	70.71	0	\N	10	2026-08-13 13:21:00	2026-08-13 14:45:00
63	4	22	208	\N	completed	38.4	95.0	72.3	2026-08-13 11:20:00	2026-08-13 12:01:00	41	33.86	flat	23.7	0.0	23.7	0	\N	3	2026-08-13 11:14:00	2026-08-13 12:03:00
64	12	5	46	\N	completed	23.1	95.0	100.0	2026-08-13 13:54:00	2026-08-13 15:01:00	67	109.33	flat	76.53	0.0	76.53	0	\N	10	2026-08-13 13:48:00	2026-08-13 15:03:00
65	3	22	203	\N	completed	20.0	95.0	95.3	2026-08-13 11:47:00	2026-08-13 12:46:00	59	75.31	flat	52.72	0.0	52.72	0	\N	7	2026-08-13 11:41:00	2026-08-13 12:48:00
66	17	7	59	\N	completed	33.3	95.0	100.0	2026-08-13 07:32:00	2026-08-13 08:45:00	73	121.05	valley	48.42	0.0	48.42	0	\N	12	2026-08-13 07:26:00	2026-08-13 08:47:00
67	5	13	121	\N	completed	15.2	95.0	92.3	2026-08-13 09:09:00	2026-08-13 09:55:00	46	77.13	flat	53.99	0.0	53.99	0	\N	7	2026-08-13 09:03:00	2026-08-13 09:57:00
68	3	10	91	\N	completed	32.6	95.0	100.0	2026-08-13 07:40:00	2026-08-13 09:09:00	89	155.59	valley	62.24	0.0	62.24	0	\N	15	2026-08-13 07:34:00	2026-08-13 09:11:00
69	15	17	166	\N	completed	12.0	95.0	38.9	2026-08-13 18:20:00	2026-08-13 23:00:00	280	26.87	peak	26.87	0.0	26.87	0	\N	2	2026-08-13 18:14:00	2026-08-13 23:02:00
70	10	14	141	\N	completed	12.2	95.0	39.2	2026-08-13 12:03:00	2026-08-13 16:34:00	271	26.96	flat	18.87	0.0	18.87	0	\N	2	2026-08-13 11:57:00	2026-08-13 16:36:00
71	2	3	30	\N	completed	29.3	95.0	50.4	2026-08-13 13:53:00	2026-08-13 17:27:00	214	21.05	flat	14.73	0.0	14.73	0	\N	2	2026-08-13 13:47:00	2026-08-13 17:29:00
72	3	27	260	\N	completed	38.6	95.0	100.0	2026-08-13 22:29:00	2026-08-13 23:33:00	64	85.16	flat	59.61	0.0	59.61	0	\N	8	2026-08-13 22:23:00	2026-08-13 23:35:00
73	2	24	231	\N	completed	28.2	95.0	100.0	2026-08-13 17:41:00	2026-08-13 18:57:00	76	94.42	peak	94.42	0.0	94.42	0	\N	9	2026-08-13 17:35:00	2026-08-13 18:59:00
74	2	24	231	\N	completed	20.3	95.0	84.8	2026-08-13 14:51:00	2026-08-13 15:37:00	46	64.51	flat	45.16	0.0	45.16	0	\N	6	2026-08-13 14:45:00	2026-08-13 15:39:00
75	17	10	89	\N	completed	39.7	95.0	100.0	2026-08-13 17:15:00	2026-08-13 17:57:00	42	76.12	peak	76.12	0.0	76.12	0	\N	7	2026-08-13 17:09:00	2026-08-13 17:59:00
76	6	21	187	\N	completed	22.3	95.0	75.4	2026-08-13 14:58:00	2026-08-13 16:01:00	63	53.07	flat	37.15	0.0	37.15	0	\N	5	2026-08-13 14:52:00	2026-08-13 16:03:00
77	2	18	172	\N	completed	30.4	95.0	43.3	2026-08-13 09:21:00	2026-08-13 11:37:00	136	12.92	flat	9.04	0.0	9.04	0	\N	1	2026-08-13 09:15:00	2026-08-13 11:39:00
78	5	18	171	\N	completed	37.5	95.0	100.0	2026-08-14 08:37:00	2026-08-14 09:22:00	45	80.96	flat	56.67	0.0	56.67	0	\N	8	2026-08-14 08:31:00	2026-08-14 09:24:00
79	13	7	67	\N	completed	19.3	95.0	49.2	2026-08-14 09:45:00	2026-08-14 14:17:00	272	29.85	flat	20.89	0.0	20.89	0	\N	2	2026-08-14 09:39:00	2026-08-14 14:19:00
80	11	7	66	\N	completed	32.2	95.0	63.6	2026-08-14 10:44:00	2026-08-14 15:35:00	291	31.38	flat	21.97	0.0	21.97	0	\N	3	2026-08-14 10:38:00	2026-08-14 15:37:00
81	17	5	48	\N	completed	20.9	95.0	49.6	2026-08-14 17:42:00	2026-08-14 22:27:00	285	28.71	peak	28.71	0.0	28.71	0	\N	2	2026-08-14 17:36:00	2026-08-14 22:29:00
82	6	12	110	\N	completed	16.8	95.0	37.9	2026-08-14 10:49:00	2026-08-14 14:16:00	207	21.08	flat	14.76	0.0	14.76	0	\N	2	2026-08-14 10:43:00	2026-08-14 14:18:00
83	3	16	152	\N	completed	26.2	95.0	100.0	2026-08-14 07:06:00	2026-08-14 08:36:00	90	118.28	valley	47.31	0.0	47.31	0	\N	11	2026-08-14 07:00:00	2026-08-14 08:38:00
84	17	2	20	\N	completed	28.5	95.0	59.9	2026-08-14 17:21:00	2026-08-14 22:10:00	289	31.41	peak	31.41	0.0	31.41	0	\N	3	2026-08-14 17:15:00	2026-08-14 22:12:00
85	5	9	84	\N	completed	28.7	95.0	100.0	2026-08-14 16:53:00	2026-08-14 17:44:00	51	92.2	flat	64.54	0.0	64.54	0	\N	9	2026-08-14 16:47:00	2026-08-14 17:46:00
86	15	3	23	\N	completed	17.1	95.0	100.0	2026-08-14 20:23:00	2026-08-14 21:29:00	66	118.99	peak	118.99	0.0	118.99	0	\N	11	2026-08-14 20:17:00	2026-08-14 21:31:00
87	10	24	230	\N	completed	39.0	95.0	100.0	2026-08-14 12:34:00	2026-08-14 13:28:00	54	90.27	flat	63.19	0.0	63.19	0	\N	9	2026-08-14 12:28:00	2026-08-14 13:30:00
88	7	21	189	\N	completed	23.9	95.0	100.0	2026-08-14 18:36:00	2026-08-14 19:59:00	83	157.31	peak	157.31	0.0	157.31	0	\N	15	2026-08-14 18:30:00	2026-08-14 20:01:00
89	13	27	258	\N	completed	34.5	95.0	100.0	2026-08-14 08:26:00	2026-08-14 09:39:00	73	137.96	flat	96.57	0.0	96.57	0	\N	13	2026-08-14 08:20:00	2026-08-14 09:41:00
90	5	13	129	\N	completed	21.1	95.0	34.6	2026-08-14 18:41:00	2026-08-14 20:54:00	133	13.53	peak	13.53	0.0	13.53	0	\N	1	2026-08-14 18:35:00	2026-08-14 20:56:00
91	17	7	64	\N	completed	18.2	95.0	97.8	2026-08-14 20:05:00	2026-08-14 21:03:00	58	79.56	peak	79.56	0.0	79.56	0	\N	7	2026-08-14 19:59:00	2026-08-14 21:05:00
92	5	23	224	\N	completed	23.5	95.0	61.0	2026-08-14 20:58:00	2026-08-14 21:43:00	45	37.5	peak	37.5	0.0	37.5	0	\N	3	2026-08-14 20:52:00	2026-08-14 21:45:00
93	1	22	213	\N	completed	17.1	95.0	30.7	2026-08-14 09:25:00	2026-08-14 11:38:00	133	13.58	flat	9.51	0.0	9.51	0	\N	1	2026-08-14 09:19:00	2026-08-14 11:40:00
94	12	12	115	\N	completed	35.2	95.0	49.1	2026-08-14 23:20:00	2026-08-15 01:27:00	127	13.92	flat	9.74	0.0	9.74	0	\N	1	2026-08-14 23:14:00	2026-08-15 01:29:00
95	5	7	71	\N	completed	24.2	95.0	38.3	2026-08-14 16:18:00	2026-08-14 18:27:00	129	14.11	flat	9.88	0.0	9.88	0	\N	1	2026-08-14 16:12:00	2026-08-14 18:29:00
96	16	24	230	\N	completed	10.6	95.0	100.0	2026-08-15 18:00:00	2026-08-15 19:19:00	79	147.87	peak	147.87	0.0	147.87	0	\N	14	2026-08-15 17:54:00	2026-08-15 19:21:00
97	5	30	281	\N	completed	13.3	95.0	100.0	2026-08-15 08:38:00	2026-08-15 10:04:00	86	151.22	flat	105.85	0.0	105.85	0	\N	15	2026-08-15 08:32:00	2026-08-15 10:06:00
98	10	7	63	\N	completed	33.8	95.0	89.5	2026-08-15 09:15:00	2026-08-15 09:58:00	43	55.66	flat	38.96	0.0	38.96	0	\N	5	2026-08-15 09:09:00	2026-08-15 10:00:00
99	4	26	256	\N	completed	25.5	95.0	51.0	2026-08-15 13:34:00	2026-08-15 18:06:00	272	25.46	flat	17.82	0.0	17.82	0	\N	2	2026-08-15 13:28:00	2026-08-15 18:08:00
100	5	15	150	\N	completed	17.2	95.0	41.0	2026-08-15 08:00:00	2026-08-15 11:49:00	229	23.84	flat	16.69	0.0	16.69	0	\N	2	2026-08-15 07:54:00	2026-08-15 11:51:00
101	3	28	269	\N	completed	26.3	95.0	100.0	2026-08-15 11:04:00	2026-08-15 12:07:00	63	118.82	flat	83.17	0.0	83.17	0	\N	11	2026-08-15 10:58:00	2026-08-15 12:09:00
102	17	30	284	\N	completed	11.3	95.0	68.6	2026-08-15 18:24:00	2026-08-15 19:05:00	41	57.26	peak	57.26	0.0	57.26	0	\N	5	2026-08-15 18:18:00	2026-08-15 19:07:00
103	12	13	130	\N	completed	20.3	95.0	33.6	2026-08-15 10:22:00	2026-08-15 12:26:00	124	13.28	flat	9.3	0.0	9.3	0	\N	1	2026-08-15 10:16:00	2026-08-15 12:28:00
104	4	18	171	\N	completed	20.2	95.0	100.0	2026-08-15 17:02:00	2026-08-15 17:50:00	48	81.87	peak	81.87	0.0	81.87	0	\N	8	2026-08-15 16:56:00	2026-08-15 17:52:00
105	15	25	246	\N	completed	11.9	95.0	100.0	2026-08-15 16:11:00	2026-08-15 17:31:00	80	147.48	flat	103.24	0.0	103.24	0	\N	14	2026-08-15 16:05:00	2026-08-15 17:33:00
106	15	2	19	\N	completed	16.0	95.0	34.4	2026-08-15 18:12:00	2026-08-15 21:27:00	195	18.35	peak	18.35	0.0	18.35	0	\N	1	2026-08-15 18:06:00	2026-08-15 21:29:00
107	10	27	264	\N	completed	17.6	95.0	40.3	2026-08-16 09:52:00	2026-08-16 13:33:00	221	22.73	flat	15.91	0.0	15.91	0	\N	2	2026-08-16 09:46:00	2026-08-16 13:35:00
108	7	15	147	\N	completed	36.0	95.0	100.0	2026-08-16 18:55:00	2026-08-16 19:57:00	62	113.72	peak	113.72	0.0	113.72	0	\N	11	2026-08-16 18:49:00	2026-08-16 19:59:00
109	4	21	189	\N	completed	23.2	95.0	100.0	2026-08-16 09:56:00	2026-08-16 11:03:00	67	115.24	flat	80.67	0.0	80.67	0	\N	11	2026-08-16 09:50:00	2026-08-16 11:05:00
110	11	10	96	\N	completed	37.7	95.0	62.9	2026-08-16 21:44:00	2026-08-17 01:51:00	247	25.2	flat	17.64	0.0	17.64	0	\N	2	2026-08-16 21:38:00	2026-08-17 01:53:00
111	3	22	218	\N	completed	34.7	95.0	49.2	2026-08-16 14:27:00	2026-08-16 16:47:00	140	14.54	flat	10.18	0.0	10.18	0	\N	1	2026-08-16 14:21:00	2026-08-16 16:49:00
112	11	6	53	\N	completed	19.2	95.0	59.7	2026-08-16 15:20:00	2026-08-16 16:05:00	45	40.46	flat	28.32	0.0	28.32	0	\N	4	2026-08-16 15:14:00	2026-08-16 16:07:00
113	14	9	86	\N	completed	11.3	95.0	40.8	2026-08-16 16:28:00	2026-08-16 21:24:00	296	29.45	flat	20.61	0.0	20.61	0	\N	2	2026-08-16 16:22:00	2026-08-16 21:26:00
114	12	23	223	\N	completed	38.4	95.0	100.0	2026-08-16 19:40:00	2026-08-16 20:37:00	57	80.97	peak	80.97	0.0	80.97	0	\N	8	2026-08-16 19:34:00	2026-08-16 20:39:00
115	13	21	187	\N	completed	14.8	95.0	80.5	2026-08-16 06:51:00	2026-08-16 08:03:00	72	65.7	valley	26.28	0.0	26.28	0	\N	6	2026-08-16 06:45:00	2026-08-16 08:05:00
116	15	2	18	\N	completed	29.4	95.0	100.0	2026-08-16 03:04:00	2026-08-16 03:52:00	48	80.2	valley	32.08	0.0	32.08	0	\N	8	2026-08-16 02:58:00	2026-08-16 03:54:00
117	2	9	79	\N	completed	21.2	95.0	100.0	2026-08-17 10:28:00	2026-08-17 11:51:00	83	156.43	flat	109.5	0.0	109.5	0	\N	15	2026-08-17 10:22:00	2026-08-17 11:53:00
118	5	28	272	\N	completed	18.4	95.0	39.5	2026-08-17 18:25:00	2026-08-17 21:58:00	213	21.05	peak	21.05	0.0	21.05	0	\N	2	2026-08-17 18:19:00	2026-08-17 22:00:00
119	1	10	96	\N	completed	26.9	95.0	51.6	2026-08-17 21:33:00	2026-08-18 01:40:00	247	24.73	flat	17.31	0.0	17.31	0	\N	2	2026-08-17 21:27:00	2026-08-18 01:42:00
120	9	24	229	\N	completed	37.5	95.0	82.2	2026-08-17 08:39:00	2026-08-17 09:32:00	53	44.67	flat	31.27	0.0	31.27	0	\N	4	2026-08-17 08:33:00	2026-08-17 09:34:00
121	4	7	70	\N	completed	31.4	95.0	44.7	2026-08-17 14:28:00	2026-08-17 16:46:00	138	13.3	flat	9.31	0.0	9.31	0	\N	1	2026-08-17 14:22:00	2026-08-17 16:48:00
122	11	19	178	\N	completed	18.7	95.0	100.0	2026-08-17 23:04:00	2026-08-18 00:29:00	85	112.52	flat	78.76	0.0	78.76	0	\N	11	2026-08-17 22:58:00	2026-08-18 00:31:00
123	6	10	90	\N	completed	13.6	95.0	92.5	2026-08-17 09:23:00	2026-08-17 10:53:00	90	78.87	flat	55.21	0.0	55.21	0	\N	7	2026-08-17 09:17:00	2026-08-17 10:55:00
124	5	13	122	\N	completed	26.6	95.0	100.0	2026-08-17 08:31:00	2026-08-17 10:01:00	90	108.53	flat	75.97	0.0	75.97	0	\N	10	2026-08-17 08:25:00	2026-08-17 10:03:00
125	5	5	45	\N	completed	31.5	95.0	69.3	2026-08-17 10:19:00	2026-08-17 11:03:00	44	37.83	flat	26.48	0.0	26.48	0	\N	3	2026-08-17 10:13:00	2026-08-17 11:05:00
126	14	22	210	\N	completed	19.5	95.0	45.0	2026-08-17 13:04:00	2026-08-17 17:31:00	267	25.51	flat	17.86	0.0	17.86	0	\N	2	2026-08-17 12:58:00	2026-08-17 17:33:00
127	15	28	265	\N	completed	33.4	95.0	100.0	2026-08-17 06:08:00	2026-08-17 07:10:00	62	115.53	valley	46.21	0.0	46.21	0	\N	11	2026-08-17 06:02:00	2026-08-17 07:12:00
128	6	7	67	\N	completed	11.7	95.0	36.8	2026-08-17 16:32:00	2026-08-17 20:22:00	230	25.13	flat	17.59	0.0	17.59	0	\N	2	2026-08-17 16:26:00	2026-08-17 20:24:00
129	5	16	156	\N	completed	31.3	95.0	47.3	2026-08-17 07:10:00	2026-08-17 09:52:00	162	16.03	valley	6.41	0.0	6.41	0	\N	1	2026-08-17 07:04:00	2026-08-17 09:54:00
130	17	15	146	\N	completed	38.7	95.0	76.0	2026-08-17 09:16:00	2026-08-17 10:01:00	45	37.33	flat	26.13	0.0	26.13	0	\N	3	2026-08-17 09:10:00	2026-08-17 10:03:00
131	10	28	274	\N	completed	27.8	95.0	42.8	2026-08-17 08:32:00	2026-08-17 10:55:00	143	14.95	flat	10.46	0.0	10.46	0	\N	1	2026-08-17 08:26:00	2026-08-17 10:57:00
132	6	18	173	\N	completed	10.9	95.0	39.4	2026-08-17 16:02:00	2026-08-17 20:26:00	264	28.45	flat	19.91	0.0	19.91	0	\N	2	2026-08-17 15:56:00	2026-08-17 20:28:00
133	9	12	108	\N	completed	29.2	95.0	100.0	2026-08-17 04:36:00	2026-08-17 06:05:00	89	153.52	valley	61.41	0.0	61.41	0	\N	15	2026-08-17 04:30:00	2026-08-17 06:07:00
134	10	16	155	\N	completed	30.5	95.0	56.6	2026-08-17 14:15:00	2026-08-17 18:18:00	243	26.1	flat	18.27	0.0	18.27	0	\N	2	2026-08-17 14:09:00	2026-08-17 18:20:00
135	2	9	81	\N	completed	16.1	95.0	100.0	2026-08-18 12:26:00	2026-08-18 13:34:00	68	89.01	flat	62.31	0.0	62.31	0	\N	8	2026-08-18 12:20:00	2026-08-18 13:36:00
136	11	17	164	\N	completed	21.1	95.0	41.0	2026-08-18 16:25:00	2026-08-18 19:53:00	208	19.89	flat	13.92	0.0	13.92	0	\N	1	2026-08-18 16:19:00	2026-08-18 19:55:00
137	11	13	124	\N	completed	17.4	95.0	75.4	2026-08-18 15:07:00	2026-08-18 16:16:00	69	57.97	flat	40.58	0.0	40.58	0	\N	5	2026-08-18 15:01:00	2026-08-18 16:18:00
138	10	21	197	\N	completed	36.0	95.0	63.1	2026-08-18 06:26:00	2026-08-18 11:03:00	277	27.06	valley	10.82	0.0	10.82	0	\N	2	2026-08-18 06:20:00	2026-08-18 11:05:00
139	11	17	161	\N	completed	39.9	95.0	100.0	2026-08-18 07:48:00	2026-08-18 08:40:00	52	64.26	valley	25.7	0.0	25.7	0	\N	6	2026-08-18 07:42:00	2026-08-18 08:42:00
140	10	26	255	\N	completed	25.2	95.0	38.9	2026-08-18 13:05:00	2026-08-18 15:10:00	125	13.73	flat	9.61	0.0	9.61	0	\N	1	2026-08-18 12:59:00	2026-08-18 15:12:00
141	7	20	181	\N	completed	27.9	95.0	100.0	2026-08-18 21:03:00	2026-08-18 21:46:00	43	72.43	flat	50.7	0.0	50.7	0	\N	7	2026-08-18 20:57:00	2026-08-18 21:48:00
142	16	15	147	\N	completed	22.9	95.0	100.0	2026-08-18 19:00:00	2026-08-18 20:14:00	74	137.21	peak	137.21	0.0	137.21	0	\N	13	2026-08-18 18:54:00	2026-08-18 20:16:00
143	12	22	207	\N	completed	27.1	95.0	100.0	2026-08-18 19:02:00	2026-08-18 20:05:00	63	81.28	peak	81.28	0.0	81.28	0	\N	8	2026-08-18 18:56:00	2026-08-18 20:07:00
144	10	4	38	\N	completed	26.5	95.0	48.6	2026-08-18 08:32:00	2026-08-18 12:10:00	218	22.06	flat	15.44	0.0	15.44	0	\N	2	2026-08-18 08:26:00	2026-08-18 12:12:00
145	4	7	66	\N	completed	39.6	95.0	54.0	2026-08-18 18:25:00	2026-08-18 20:49:00	144	14.38	peak	14.38	0.0	14.38	0	\N	1	2026-08-18 18:19:00	2026-08-18 20:51:00
146	12	8	74	\N	completed	25.0	95.0	100.0	2026-08-18 15:38:00	2026-08-18 16:30:00	52	91.14	flat	63.8	0.0	63.8	0	\N	9	2026-08-18 15:32:00	2026-08-18 16:32:00
147	5	18	171	\N	completed	28.2	95.0	100.0	2026-08-18 04:33:00	2026-08-18 05:43:00	70	121.6	valley	48.64	0.0	48.64	0	\N	12	2026-08-18 04:27:00	2026-08-18 05:45:00
148	11	17	164	\N	completed	32.2	95.0	50.0	2026-08-18 14:25:00	2026-08-18 17:06:00	161	17.82	flat	12.47	0.0	12.47	0	\N	1	2026-08-18 14:19:00	2026-08-18 17:08:00
149	11	27	260	\N	completed	26.9	95.0	100.0	2026-08-18 09:34:00	2026-08-18 10:46:00	72	94.34	flat	66.04	0.0	66.04	0	\N	9	2026-08-18 09:28:00	2026-08-18 10:48:00
150	1	21	189	\N	completed	22.5	95.0	100.0	2026-08-18 13:43:00	2026-08-18 14:44:00	61	99.61	flat	69.73	0.0	69.73	0	\N	9	2026-08-18 13:37:00	2026-08-18 14:46:00
151	1	25	243	\N	completed	33.3	95.0	84.7	2026-08-18 09:41:00	2026-08-18 10:37:00	56	51.38	flat	35.97	0.0	35.97	0	\N	5	2026-08-18 09:35:00	2026-08-18 10:39:00
152	2	25	246	\N	completed	28.6	95.0	100.0	2026-08-18 16:33:00	2026-08-18 17:23:00	50	89.44	flat	62.61	0.0	62.61	0	\N	8	2026-08-18 16:27:00	2026-08-18 17:25:00
153	8	2	17	\N	completed	10.6	95.0	100.0	2026-08-19 10:44:00	2026-08-19 12:00:00	76	124.11	flat	86.88	0.0	86.88	0	\N	12	2026-08-19 10:38:00	2026-08-19 12:02:00
154	5	22	212	\N	completed	33.2	95.0	63.0	2026-08-19 09:13:00	2026-08-19 14:09:00	296	29.75	flat	20.82	0.0	20.82	0	\N	2	2026-08-19 09:07:00	2026-08-19 14:11:00
155	2	7	71	\N	completed	39.9	95.0	65.9	2026-08-19 20:13:00	2026-08-20 00:25:00	252	25.99	peak	25.99	0.0	25.99	0	\N	2	2026-08-19 20:07:00	2026-08-20 00:27:00
156	13	17	161	\N	completed	20.3	95.0	92.0	2026-08-19 13:29:00	2026-08-19 14:20:00	51	71.67	flat	50.17	0.0	50.17	0	\N	7	2026-08-19 13:23:00	2026-08-19 14:22:00
157	9	25	248	\N	completed	19.0	95.0	35.6	2026-08-19 09:15:00	2026-08-19 12:04:00	169	16.6	flat	11.62	0.0	11.62	0	\N	1	2026-08-19 09:09:00	2026-08-19 12:06:00
158	10	15	148	\N	completed	24.7	95.0	56.3	2026-08-19 21:13:00	2026-08-20 02:13:00	300	31.62	flat	22.13	0.0	22.13	0	\N	3	2026-08-19 21:07:00	2026-08-20 02:15:00
159	9	15	148	\N	completed	21.4	95.0	37.3	2026-08-19 13:36:00	2026-08-19 16:07:00	151	15.88	flat	11.12	0.0	11.12	0	\N	1	2026-08-19 13:30:00	2026-08-19 16:09:00
160	12	8	75	\N	completed	31.4	95.0	100.0	2026-08-19 22:02:00	2026-08-19 23:00:00	58	73.35	flat	51.34	0.0	51.34	0	\N	7	2026-08-19 21:56:00	2026-08-19 23:02:00
161	15	13	132	\N	completed	26.2	95.0	49.6	2026-08-19 09:13:00	2026-08-19 13:15:00	242	23.44	flat	16.41	0.0	16.41	0	\N	2	2026-08-19 09:07:00	2026-08-19 13:17:00
162	9	7	71	\N	completed	17.2	95.0	32.8	2026-08-19 20:39:00	2026-08-19 23:06:00	147	15.63	peak	15.63	0.0	15.63	0	\N	1	2026-08-19 20:33:00	2026-08-19 23:08:00
163	17	12	116	\N	completed	22.4	95.0	49.1	2026-08-19 05:14:00	2026-08-19 09:57:00	283	26.67	valley	10.67	0.0	10.67	0	\N	2	2026-08-19 05:08:00	2026-08-19 09:59:00
164	4	7	71	\N	completed	14.7	95.0	28.1	2026-08-19 17:35:00	2026-08-19 19:36:00	121	13.36	peak	13.36	0.0	13.36	0	\N	1	2026-08-19 17:29:00	2026-08-19 19:38:00
165	16	25	245	\N	completed	18.6	95.0	100.0	2026-08-19 16:12:00	2026-08-19 17:33:00	81	147.97	flat	103.58	0.0	103.58	0	\N	14	2026-08-19 16:06:00	2026-08-19 17:35:00
166	2	5	46	\N	completed	32.2	95.0	100.0	2026-08-19 08:36:00	2026-08-19 09:57:00	81	135.24	flat	94.67	0.0	94.67	0	\N	13	2026-08-19 08:30:00	2026-08-19 09:59:00
167	2	10	90	\N	completed	38.0	95.0	99.1	2026-08-19 19:56:00	2026-08-19 21:02:00	66	61.09	peak	61.09	0.0	61.09	0	\N	6	2026-08-19 19:50:00	2026-08-19 21:04:00
168	13	26	254	\N	completed	36.2	95.0	100.0	2026-08-19 03:59:00	2026-08-19 04:50:00	51	69.79	valley	27.92	0.0	27.92	0	\N	6	2026-08-19 03:53:00	2026-08-19 04:52:00
169	2	1	5	\N	completed	37.9	95.0	100.0	2026-08-19 09:36:00	2026-08-19 10:35:00	59	105.07	flat	73.55	0.0	73.55	0	\N	10	2026-08-19 09:30:00	2026-08-19 10:37:00
170	15	29	279	\N	completed	14.0	95.0	41.7	2026-08-19 09:31:00	2026-08-19 13:45:00	254	27.66	flat	19.36	0.0	19.36	0	\N	2	2026-08-19 09:25:00	2026-08-19 13:47:00
171	9	11	99	\N	completed	23.8	95.0	62.5	2026-08-19 14:21:00	2026-08-19 15:08:00	47	38.75	flat	27.12	0.0	27.12	0	\N	3	2026-08-19 14:15:00	2026-08-19 15:10:00
172	6	1	8	\N	completed	30.2	95.0	50.5	2026-08-19 08:50:00	2026-08-19 12:16:00	206	20.29	flat	14.2	0.0	14.2	0	\N	2	2026-08-19 08:44:00	2026-08-19 12:18:00
173	13	22	219	\N	completed	30.1	95.0	53.9	2026-08-19 08:20:00	2026-08-19 12:31:00	251	23.81	flat	16.67	0.0	16.67	0	\N	2	2026-08-19 08:14:00	2026-08-19 12:33:00
174	5	25	245	\N	completed	17.8	95.0	100.0	2026-08-19 07:59:00	2026-08-19 08:59:00	60	100.46	valley	40.18	0.0	40.18	0	\N	10	2026-08-19 07:53:00	2026-08-19 09:01:00
175	9	18	169	\N	completed	10.3	95.0	90.7	2026-08-20 12:37:00	2026-08-20 13:36:00	59	80.4	flat	56.28	0.0	56.28	0	\N	8	2026-08-20 12:31:00	2026-08-20 13:38:00
176	8	3	32	\N	completed	14.8	95.0	44.2	2026-08-20 17:07:00	2026-08-20 21:57:00	290	29.43	peak	29.43	0.0	29.43	0	\N	2	2026-08-20 17:01:00	2026-08-20 21:59:00
177	10	7	61	\N	completed	21.0	95.0	100.0	2026-08-20 17:58:00	2026-08-20 19:18:00	80	150.58	peak	150.58	0.0	150.58	0	\N	15	2026-08-20 17:52:00	2026-08-20 19:20:00
178	5	25	245	\N	completed	28.2	95.0	100.0	2026-08-20 08:29:00	2026-08-20 09:18:00	49	89.39	flat	62.57	0.0	62.57	0	\N	8	2026-08-20 08:23:00	2026-08-20 09:20:00
179	16	29	276	\N	completed	17.4	95.0	100.0	2026-08-20 11:52:00	2026-08-20 13:14:00	82	102.43	flat	71.7	0.0	71.7	0	\N	10	2026-08-20 11:46:00	2026-08-20 13:16:00
180	3	28	270	\N	completed	12.3	95.0	100.0	2026-08-20 18:33:00	2026-08-20 19:41:00	68	92.37	peak	92.37	0.0	92.37	0	\N	9	2026-08-20 18:27:00	2026-08-20 19:43:00
181	2	30	281	\N	completed	14.5	95.0	100.0	2026-08-20 15:12:00	2026-08-20 16:24:00	72	127.57	flat	89.3	0.0	89.3	0	\N	12	2026-08-20 15:06:00	2026-08-20 16:26:00
182	17	23	227	\N	completed	27.5	95.0	41.9	2026-08-20 09:43:00	2026-08-20 12:12:00	149	14.44	flat	10.11	0.0	10.11	0	\N	1	2026-08-20 09:37:00	2026-08-20 12:14:00
183	17	24	229	\N	completed	22.5	95.0	57.8	2026-08-20 06:29:00	2026-08-20 07:12:00	43	35.25	valley	14.1	0.0	14.1	0	\N	3	2026-08-20 06:23:00	2026-08-20 07:14:00
184	15	17	158	\N	completed	34.5	95.0	100.0	2026-08-20 15:01:00	2026-08-20 16:27:00	86	73.91	flat	51.74	0.0	51.74	0	\N	7	2026-08-20 14:55:00	2026-08-20 16:29:00
185	3	3	24	\N	completed	26.2	95.0	86.8	2026-08-20 17:22:00	2026-08-20 18:29:00	67	60.64	peak	60.64	0.0	60.64	0	\N	6	2026-08-20 17:16:00	2026-08-20 18:31:00
186	3	25	242	\N	completed	33.1	95.0	69.3	2026-08-20 05:18:00	2026-08-20 06:00:00	42	36.18	valley	14.47	0.0	14.47	0	\N	3	2026-08-20 05:12:00	2026-08-20 06:02:00
187	14	21	192	\N	completed	37.2	95.0	96.8	2026-08-20 18:28:00	2026-08-20 19:32:00	64	59.55	peak	59.55	0.0	59.55	0	\N	5	2026-08-20 18:22:00	2026-08-20 19:34:00
188	5	19	179	\N	completed	21.8	95.0	38.4	2026-08-20 10:11:00	2026-08-20 12:41:00	150	16.61	flat	11.63	0.0	11.63	0	\N	1	2026-08-20 10:05:00	2026-08-20 12:43:00
189	8	1	2	\N	completed	23.9	95.0	100.0	2026-08-20 07:01:00	2026-08-20 08:29:00	88	166.63	valley	66.65	0.0	66.65	0	\N	16	2026-08-20 06:55:00	2026-08-20 08:31:00
190	14	28	273	\N	completed	23.8	95.0	44.9	2026-08-20 17:52:00	2026-08-20 21:29:00	217	21.13	peak	21.13	0.0	21.13	0	\N	2	2026-08-20 17:46:00	2026-08-20 21:31:00
191	7	6	58	\N	completed	28.4	95.0	41.8	2026-08-20 07:51:00	2026-08-20 09:59:00	128	13.43	valley	5.37	0.0	5.37	0	\N	1	2026-08-20 07:45:00	2026-08-20 10:01:00
192	3	6	52	\N	completed	30.2	95.0	97.8	2026-08-21 08:02:00	2026-08-21 09:20:00	78	67.62	flat	47.33	0.0	47.33	0	\N	6	2026-08-21 07:56:00	2026-08-21 09:22:00
193	8	3	23	\N	completed	16.5	95.0	100.0	2026-08-21 19:28:00	2026-08-21 20:33:00	65	108.57	peak	108.57	0.0	108.57	0	\N	10	2026-08-21 19:22:00	2026-08-21 20:35:00
194	2	7	72	\N	completed	37.5	95.0	61.7	2026-08-21 19:18:00	2026-08-21 23:26:00	248	24.16	peak	24.16	0.0	24.16	0	\N	2	2026-08-21 19:12:00	2026-08-21 23:28:00
195	11	13	122	\N	completed	29.8	95.0	100.0	2026-08-21 16:56:00	2026-08-21 17:55:00	59	72.7	flat	50.89	0.0	50.89	0	\N	7	2026-08-21 16:50:00	2026-08-21 17:57:00
196	10	14	141	\N	completed	36.4	95.0	51.2	2026-08-21 08:35:00	2026-08-21 10:50:00	135	14.84	flat	10.39	0.0	10.39	0	\N	1	2026-08-21 08:29:00	2026-08-21 10:52:00
197	14	30	285	\N	completed	38.2	95.0	100.0	2026-08-21 20:03:00	2026-08-21 21:14:00	71	100.73	peak	100.73	0.0	100.73	0	\N	10	2026-08-21 19:57:00	2026-08-21 21:16:00
198	17	17	164	\N	completed	19.0	95.0	48.9	2026-08-21 17:26:00	2026-08-21 22:24:00	298	29.94	peak	29.94	0.0	29.94	0	\N	2	2026-08-21 17:20:00	2026-08-21 22:26:00
199	16	13	124	\N	completed	14.3	95.0	64.5	2026-08-21 07:19:00	2026-08-21 08:13:00	54	50.15	valley	20.06	0.0	20.06	0	\N	5	2026-08-21 07:13:00	2026-08-21 08:15:00
200	2	30	288	\N	completed	14.0	95.0	37.2	2026-08-21 13:26:00	2026-08-21 17:11:00	225	23.19	flat	16.23	0.0	16.23	0	\N	2	2026-08-21 13:20:00	2026-08-21 17:13:00
201	7	18	170	\N	completed	35.4	95.0	100.0	2026-08-21 08:05:00	2026-08-21 09:26:00	81	114.01	flat	79.81	0.0	79.81	0	\N	11	2026-08-21 07:59:00	2026-08-21 09:28:00
202	7	3	27	\N	completed	28.1	95.0	100.0	2026-08-21 06:24:00	2026-08-21 07:21:00	57	102.72	valley	41.09	0.0	41.09	0	\N	10	2026-08-21 06:18:00	2026-08-21 07:23:00
203	7	30	287	\N	completed	37.2	95.0	54.2	2026-08-21 19:30:00	2026-08-21 22:25:00	175	16.97	peak	16.97	0.0	16.97	0	\N	1	2026-08-21 19:24:00	2026-08-21 22:27:00
204	1	12	109	\N	completed	40.0	95.0	56.0	2026-08-21 09:47:00	2026-08-21 12:35:00	168	16.02	flat	11.21	0.0	11.21	0	\N	1	2026-08-21 09:41:00	2026-08-21 12:37:00
205	8	12	105	\N	completed	19.6	95.0	100.0	2026-08-21 13:58:00	2026-08-21 15:03:00	65	81.5	flat	57.05	0.0	57.05	0	\N	8	2026-08-21 13:52:00	2026-08-21 15:05:00
206	15	28	274	\N	completed	20.8	95.0	49.0	2026-08-21 08:22:00	2026-08-21 13:08:00	286	28.24	flat	19.77	0.0	19.77	0	\N	2	2026-08-21 08:16:00	2026-08-21 13:10:00
207	15	6	51	\N	completed	19.6	95.0	100.0	2026-08-21 19:30:00	2026-08-21 20:56:00	86	117.94	peak	117.94	0.0	117.94	0	\N	11	2026-08-21 19:24:00	2026-08-21 20:58:00
208	14	3	24	\N	completed	14.4	95.0	77.7	2026-08-22 10:55:00	2026-08-22 12:11:00	76	63.32	flat	44.32	0.0	44.32	0	\N	6	2026-08-22 10:49:00	2026-08-22 12:13:00
209	14	16	152	\N	completed	21.4	95.0	83.8	2026-08-22 08:12:00	2026-08-22 09:01:00	49	62.44	flat	43.71	0.0	43.71	0	\N	6	2026-08-22 08:06:00	2026-08-22 09:03:00
210	16	30	282	\N	completed	32.9	95.0	100.0	2026-08-22 18:43:00	2026-08-22 20:04:00	81	103.35	peak	103.35	0.0	103.35	0	\N	10	2026-08-22 18:37:00	2026-08-22 20:06:00
211	16	24	236	\N	completed	15.1	95.0	32.6	2026-08-22 14:46:00	2026-08-22 17:29:00	163	17.48	flat	12.24	0.0	12.24	0	\N	1	2026-08-22 14:40:00	2026-08-22 17:31:00
212	16	10	95	\N	completed	25.7	95.0	54.1	2026-08-22 17:41:00	2026-08-22 21:59:00	258	28.4	peak	28.4	0.0	28.4	0	\N	2	2026-08-22 17:35:00	2026-08-22 22:01:00
213	3	3	25	\N	completed	35.3	95.0	100.0	2026-08-22 18:00:00	2026-08-22 19:28:00	88	113.77	peak	113.77	0.0	113.77	0	\N	11	2026-08-22 17:54:00	2026-08-22 19:30:00
214	5	1	5	\N	completed	11.8	95.0	100.0	2026-08-22 08:32:00	2026-08-22 09:25:00	53	92.05	flat	64.43	0.0	64.43	0	\N	9	2026-08-22 08:26:00	2026-08-22 09:27:00
215	16	25	250	\N	completed	22.3	95.0	35.0	2026-08-22 16:00:00	2026-08-22 18:04:00	124	12.73	flat	8.91	0.0	8.91	0	\N	1	2026-08-22 15:54:00	2026-08-22 18:06:00
216	9	29	275	\N	completed	30.9	95.0	100.0	2026-08-22 01:01:00	2026-08-22 01:59:00	58	76.15	valley	30.46	0.0	30.46	0	\N	7	2026-08-22 00:55:00	2026-08-22 02:01:00
217	6	6	55	\N	completed	15.8	95.0	72.5	2026-08-22 12:33:00	2026-08-22 13:19:00	46	56.74	flat	39.72	0.0	39.72	0	\N	5	2026-08-22 12:27:00	2026-08-22 13:21:00
218	12	14	137	\N	completed	38.8	95.0	100.0	2026-08-22 15:25:00	2026-08-22 16:55:00	90	109.6	flat	76.72	0.0	76.72	0	\N	10	2026-08-22 15:19:00	2026-08-22 16:57:00
219	8	16	154	\N	completed	29.6	95.0	100.0	2026-08-23 15:52:00	2026-08-23 17:15:00	83	153.91	flat	107.74	0.0	107.74	0	\N	15	2026-08-23 15:46:00	2026-08-23 17:17:00
220	2	5	48	\N	completed	24.3	95.0	46.6	2026-08-23 19:24:00	2026-08-23 23:07:00	223	22.29	peak	22.29	0.0	22.29	0	\N	2	2026-08-23 19:18:00	2026-08-23 23:09:00
221	6	5	43	\N	completed	33.5	95.0	94.9	2026-08-23 16:54:00	2026-08-23 18:05:00	71	61.42	flat	42.99	0.0	42.99	0	\N	6	2026-08-23 16:48:00	2026-08-23 18:07:00
222	4	28	271	\N	completed	36.0	95.0	48.6	2026-08-23 15:14:00	2026-08-23 17:24:00	130	12.61	flat	8.83	0.0	8.83	0	\N	1	2026-08-23 15:08:00	2026-08-23 17:26:00
223	16	14	139	\N	completed	37.8	95.0	50.2	2026-08-23 19:59:00	2026-08-23 22:10:00	131	12.4	peak	12.4	0.0	12.4	0	\N	1	2026-08-23 19:53:00	2026-08-23 22:12:00
224	2	10	92	\N	completed	27.6	95.0	100.0	2026-08-23 19:01:00	2026-08-23 20:01:00	60	113.31	peak	113.31	0.0	113.31	0	\N	11	2026-08-23 18:55:00	2026-08-23 20:03:00
225	13	4	40	\N	completed	27.0	95.0	47.2	2026-08-23 17:10:00	2026-08-23 20:26:00	196	20.23	peak	20.23	0.0	20.23	0	\N	2	2026-08-23 17:04:00	2026-08-23 20:28:00
226	11	21	197	\N	completed	31.7	95.0	48.8	2026-08-23 19:50:00	2026-08-23 22:25:00	155	17.15	peak	17.15	0.0	17.15	0	\N	1	2026-08-23 19:44:00	2026-08-23 22:27:00
227	12	3	28	\N	completed	12.3	95.0	89.1	2026-08-23 14:27:00	2026-08-23 15:13:00	46	76.8	flat	53.76	0.0	53.76	0	\N	7	2026-08-23 14:21:00	2026-08-23 15:15:00
228	13	18	168	\N	completed	39.8	95.0	100.0	2026-08-23 16:40:00	2026-08-23 17:21:00	41	68.96	flat	48.27	0.0	48.27	0	\N	6	2026-08-23 16:34:00	2026-08-23 17:23:00
229	12	30	284	\N	completed	27.6	95.0	100.0	2026-08-23 14:27:00	2026-08-23 15:31:00	64	79.47	flat	55.63	0.0	55.63	0	\N	7	2026-08-23 14:21:00	2026-08-23 15:33:00
230	10	13	127	\N	completed	21.4	95.0	34.9	2026-08-23 10:05:00	2026-08-23 12:23:00	138	13.53	flat	9.47	0.0	9.47	0	\N	1	2026-08-23 09:59:00	2026-08-23 12:25:00
231	5	21	200	\N	completed	10.2	95.0	29.3	2026-08-23 18:23:00	2026-08-23 21:44:00	201	19.13	peak	19.13	0.0	19.13	0	\N	1	2026-08-23 18:17:00	2026-08-23 21:46:00
232	9	6	53	\N	completed	23.5	95.0	63.2	2026-08-24 12:05:00	2026-08-24 12:53:00	48	39.75	flat	27.82	0.0	27.82	0	\N	3	2026-08-24 11:59:00	2026-08-24 12:55:00
233	14	6	53	\N	completed	12.8	95.0	47.8	2026-08-24 15:05:00	2026-08-24 15:46:00	41	34.98	flat	24.49	0.0	24.49	0	\N	3	2026-08-24 14:59:00	2026-08-24 15:48:00
234	11	21	198	\N	completed	33.4	95.0	45.8	2026-08-24 16:18:00	2026-08-24 18:21:00	123	12.37	flat	8.66	0.0	8.66	0	\N	1	2026-08-24 16:12:00	2026-08-24 18:23:00
235	8	28	267	\N	completed	14.2	95.0	57.1	2026-08-24 17:43:00	2026-08-24 18:33:00	50	42.86	peak	42.86	0.0	42.86	0	\N	4	2026-08-24 17:37:00	2026-08-24 18:35:00
236	16	8	75	\N	completed	22.6	95.0	79.7	2026-08-24 09:10:00	2026-08-24 09:54:00	44	57.1	flat	39.97	0.0	39.97	0	\N	5	2026-08-24 09:04:00	2026-08-24 09:56:00
237	3	20	185	\N	completed	24.9	95.0	44.4	2026-08-24 13:15:00	2026-08-24 16:19:00	184	19.49	flat	13.64	0.0	13.64	0	\N	1	2026-08-24 13:09:00	2026-08-24 16:21:00
238	15	6	55	\N	completed	21.9	95.0	79.6	2026-08-24 16:19:00	2026-08-24 17:07:00	48	57.67	flat	40.37	0.0	40.37	0	\N	5	2026-08-24 16:13:00	2026-08-24 17:09:00
239	13	18	169	\N	completed	34.7	95.0	100.0	2026-08-24 19:21:00	2026-08-24 20:29:00	68	88.19	peak	88.19	0.0	88.19	0	\N	8	2026-08-24 19:15:00	2026-08-24 20:31:00
240	5	16	154	\N	completed	16.0	95.0	100.0	2026-08-24 16:38:00	2026-08-24 17:38:00	60	113.05	flat	79.13	0.0	79.13	0	\N	11	2026-08-24 16:32:00	2026-08-24 17:40:00
241	13	17	164	\N	completed	24.7	95.0	45.2	2026-08-24 09:47:00	2026-08-24 13:01:00	194	20.47	flat	14.33	0.0	14.33	0	\N	2	2026-08-24 09:41:00	2026-08-24 13:03:00
242	8	18	167	\N	completed	21.8	95.0	100.0	2026-08-24 16:17:00	2026-08-24 17:21:00	64	88.56	flat	61.99	0.0	61.99	0	\N	8	2026-08-24 16:11:00	2026-08-24 17:23:00
243	7	29	280	\N	completed	10.8	95.0	28.5	2026-08-24 07:43:00	2026-08-24 10:29:00	166	17.72	valley	7.09	0.0	7.09	0	\N	1	2026-08-24 07:37:00	2026-08-24 10:31:00
244	7	23	225	\N	completed	34.6	95.0	100.0	2026-08-24 17:53:00	2026-08-24 18:51:00	58	104.86	peak	104.86	0.0	104.86	0	\N	10	2026-08-24 17:47:00	2026-08-24 18:53:00
245	14	26	256	\N	completed	17.6	95.0	32.9	2026-08-24 18:40:00	2026-08-24 21:15:00	155	15.29	peak	15.29	0.0	15.29	0	\N	1	2026-08-24 18:34:00	2026-08-24 21:17:00
246	14	21	194	\N	completed	24.4	95.0	39.7	2026-08-24 07:28:00	2026-08-24 09:46:00	138	15.27	valley	6.11	0.0	6.11	0	\N	1	2026-08-24 07:22:00	2026-08-24 09:48:00
247	17	22	215	\N	completed	20.8	95.0	48.6	2026-08-24 11:02:00	2026-08-24 15:21:00	259	27.76	flat	19.43	0.0	19.43	0	\N	2	2026-08-24 10:56:00	2026-08-24 15:23:00
248	3	6	56	\N	completed	15.0	95.0	34.2	2026-08-24 19:42:00	2026-08-24 22:45:00	183	19.21	peak	19.21	0.0	19.21	0	\N	1	2026-08-24 19:36:00	2026-08-24 22:47:00
249	13	18	170	\N	completed	13.0	95.0	100.0	2026-08-24 16:27:00	2026-08-24 17:57:00	90	110.15	flat	77.11	0.0	77.11	0	\N	11	2026-08-24 16:21:00	2026-08-24 17:59:00
250	17	30	286	\N	completed	23.4	95.0	51.1	2026-08-25 14:44:00	2026-08-25 19:12:00	268	27.71	flat	19.4	0.0	19.4	0	\N	2	2026-08-25 14:38:00	2026-08-25 19:14:00
251	17	8	78	\N	completed	18.9	95.0	40.1	2026-08-25 10:01:00	2026-08-25 13:29:00	208	21.17	flat	14.82	0.0	14.82	0	\N	2	2026-08-25 09:55:00	2026-08-25 13:31:00
252	3	7	60	\N	completed	20.3	95.0	100.0	2026-08-25 20:09:00	2026-08-25 21:35:00	86	109.94	peak	109.94	0.0	109.94	0	\N	10	2026-08-25 20:03:00	2026-08-25 21:37:00
253	17	25	248	\N	completed	31.7	95.0	51.6	2026-08-25 18:30:00	2026-08-25 21:59:00	209	19.86	peak	19.86	0.0	19.86	0	\N	1	2026-08-25 18:24:00	2026-08-25 22:01:00
254	3	16	154	\N	completed	10.7	95.0	86.9	2026-08-25 12:51:00	2026-08-25 13:33:00	42	76.16	flat	53.31	0.0	53.31	0	\N	7	2026-08-25 12:45:00	2026-08-25 13:35:00
255	4	9	85	\N	completed	14.8	95.0	32.3	2026-08-25 09:33:00	2026-08-25 12:35:00	182	17.54	flat	12.28	0.0	12.28	0	\N	1	2026-08-25 09:27:00	2026-08-25 12:37:00
256	15	13	119	\N	completed	29.2	95.0	100.0	2026-08-25 15:40:00	2026-08-25 16:45:00	65	107.6	flat	75.32	0.0	75.32	0	\N	10	2026-08-25 15:34:00	2026-08-25 16:47:00
257	1	11	102	\N	completed	10.1	95.0	33.8	2026-08-25 12:37:00	2026-08-25 16:32:00	235	23.7	flat	16.59	0.0	16.59	0	\N	2	2026-08-25 12:31:00	2026-08-25 16:34:00
258	9	4	33	\N	completed	26.1	95.0	96.0	2026-08-25 08:06:00	2026-08-25 09:22:00	76	69.91	flat	48.94	0.0	48.94	0	\N	6	2026-08-25 08:00:00	2026-08-25 09:24:00
259	7	24	235	\N	completed	24.7	95.0	40.4	2026-08-25 10:16:00	2026-08-25 12:45:00	149	15.66	flat	10.96	0.0	10.96	0	\N	1	2026-08-25 10:10:00	2026-08-25 12:47:00
260	11	21	199	\N	completed	20.4	95.0	49.0	2026-08-25 21:25:00	2026-08-26 02:01:00	276	28.6	flat	20.02	0.0	20.02	0	\N	2	2026-08-25 21:19:00	2026-08-26 02:03:00
261	6	16	153	\N	completed	14.0	95.0	78.2	2026-08-25 19:37:00	2026-08-25 20:56:00	79	64.2	peak	64.2	0.0	64.2	0	\N	6	2026-08-25 19:31:00	2026-08-25 20:58:00
262	10	7	60	\N	completed	25.3	95.0	94.5	2026-08-25 07:23:00	2026-08-25 08:14:00	51	69.16	valley	27.66	0.0	27.66	0	\N	6	2026-08-25 07:17:00	2026-08-25 08:16:00
263	5	21	197	\N	completed	26.1	95.0	49.3	2026-08-25 11:11:00	2026-08-25 14:59:00	228	23.22	flat	16.25	0.0	16.25	0	\N	2	2026-08-25 11:05:00	2026-08-25 15:01:00
264	6	30	285	\N	completed	15.6	95.0	78.8	2026-08-25 20:31:00	2026-08-25 21:21:00	50	63.25	peak	63.25	0.0	63.25	0	\N	6	2026-08-25 20:25:00	2026-08-25 21:23:00
265	2	20	184	\N	completed	34.5	95.0	83.7	2026-08-25 19:31:00	2026-08-25 20:11:00	40	49.23	peak	49.23	0.0	49.23	0	\N	4	2026-08-25 19:25:00	2026-08-25 20:13:00
266	17	26	254	\N	completed	31.3	95.0	100.0	2026-08-25 21:43:00	2026-08-25 22:49:00	66	86.5	flat	60.55	0.0	60.55	0	\N	8	2026-08-25 21:37:00	2026-08-25 22:51:00
267	3	2	16	\N	completed	11.0	95.0	86.0	2026-08-26 14:48:00	2026-08-26 16:18:00	90	74.98	flat	52.49	0.0	52.49	0	\N	7	2026-08-26 14:42:00	2026-08-26 16:20:00
268	10	9	87	\N	completed	33.0	95.0	58.2	2026-08-26 08:36:00	2026-08-26 12:33:00	237	25.2	flat	17.64	0.0	17.64	0	\N	2	2026-08-26 08:30:00	2026-08-26 12:35:00
269	4	7	59	\N	completed	39.7	95.0	100.0	2026-08-26 15:49:00	2026-08-26 16:46:00	57	100.49	flat	70.34	0.0	70.34	0	\N	10	2026-08-26 15:43:00	2026-08-26 16:48:00
270	2	23	226	\N	completed	13.1	95.0	41.8	2026-08-26 15:13:00	2026-08-26 19:32:00	259	28.66	flat	20.06	0.0	20.06	0	\N	2	2026-08-26 15:07:00	2026-08-26 19:34:00
271	8	16	153	\N	completed	35.9	95.0	71.2	2026-08-26 18:28:00	2026-08-26 19:10:00	42	35.26	peak	35.26	0.0	35.26	0	\N	3	2026-08-26 18:22:00	2026-08-26 19:12:00
272	4	13	122	\N	completed	30.7	95.0	100.0	2026-08-26 06:51:00	2026-08-26 07:44:00	53	72.4	valley	28.96	0.0	28.96	0	\N	7	2026-08-26 06:45:00	2026-08-26 07:46:00
273	14	9	85	\N	completed	34.4	95.0	64.1	2026-08-26 19:08:00	2026-08-26 23:45:00	277	29.66	peak	29.66	0.0	29.66	0	\N	2	2026-08-26 19:02:00	2026-08-26 23:47:00
274	12	28	273	\N	completed	19.7	95.0	39.3	2026-08-26 18:38:00	2026-08-26 21:49:00	191	19.63	peak	19.63	0.0	19.63	0	\N	1	2026-08-26 18:32:00	2026-08-26 21:51:00
275	10	14	137	\N	completed	12.9	95.0	100.0	2026-08-26 17:57:00	2026-08-26 19:09:00	72	97.4	peak	97.4	0.0	97.4	0	\N	9	2026-08-26 17:51:00	2026-08-26 19:11:00
276	14	3	31	\N	completed	31.0	95.0	50.9	2026-08-26 21:55:00	2026-08-27 01:05:00	190	19.91	flat	13.94	0.0	13.94	0	\N	1	2026-08-26 21:49:00	2026-08-27 01:07:00
277	5	17	165	\N	completed	21.8	95.0	41.6	2026-08-26 07:48:00	2026-08-26 10:51:00	183	19.78	valley	7.91	0.0	7.91	0	\N	1	2026-08-26 07:42:00	2026-08-26 10:53:00
278	9	22	213	\N	completed	33.8	95.0	54.2	2026-08-26 07:28:00	2026-08-26 11:04:00	216	20.45	valley	8.18	0.0	8.18	0	\N	2	2026-08-26 07:22:00	2026-08-26 11:06:00
279	13	27	264	\N	completed	21.1	95.0	42.1	2026-08-26 18:44:00	2026-08-26 21:55:00	191	20.96	peak	20.96	0.0	20.96	0	\N	2	2026-08-26 18:38:00	2026-08-26 21:57:00
280	11	1	2	\N	completed	31.9	95.0	100.0	2026-08-26 21:54:00	2026-08-26 23:23:00	89	161.96	flat	113.37	0.0	113.37	0	\N	16	2026-08-26 21:48:00	2026-08-26 23:25:00
281	12	4	33	\N	completed	39.0	95.0	100.0	2026-08-26 13:34:00	2026-08-26 15:04:00	90	77.37	flat	54.16	0.0	54.16	0	\N	7	2026-08-26 13:28:00	2026-08-26 15:06:00
282	16	14	138	\N	completed	26.4	95.0	76.9	2026-08-26 18:53:00	2026-08-26 19:53:00	60	50.55	peak	50.55	0.0	50.55	0	\N	5	2026-08-26 18:47:00	2026-08-26 19:55:00
283	16	19	176	\N	completed	13.0	95.0	100.0	2026-08-26 07:48:00	2026-08-26 09:11:00	83	100.5	valley	40.2	0.0	40.2	0	\N	10	2026-08-26 07:42:00	2026-08-26 09:13:00
284	15	1	9	\N	completed	23.2	95.0	39.6	2026-08-26 18:59:00	2026-08-26 21:30:00	151	16.36	peak	16.36	0.0	16.36	0	\N	1	2026-08-26 18:53:00	2026-08-26 21:32:00
285	14	12	104	\N	completed	29.5	95.0	100.0	2026-08-26 00:58:00	2026-08-26 02:22:00	84	137.72	valley	55.09	0.0	55.09	0	\N	13	2026-08-26 00:52:00	2026-08-26 02:24:00
286	9	5	48	\N	completed	21.2	95.0	49.2	2026-08-27 19:23:00	2026-08-28 00:10:00	287	28.04	peak	28.04	0.0	28.04	0	\N	2	2026-08-27 19:17:00	2026-08-28 00:12:00
287	6	3	27	\N	completed	31.0	95.0	100.0	2026-08-27 20:40:00	2026-08-27 21:45:00	65	109.96	peak	109.96	0.0	109.96	0	\N	10	2026-08-27 20:34:00	2026-08-27 21:47:00
288	3	5	49	\N	completed	14.0	95.0	26.2	2026-08-27 08:13:00	2026-08-27 10:13:00	120	12.2	flat	8.54	0.0	8.54	0	\N	1	2026-08-27 08:07:00	2026-08-27 10:15:00
289	15	1	5	\N	completed	13.6	95.0	81.7	2026-08-27 08:44:00	2026-08-27 09:24:00	40	68.12	flat	47.68	0.0	47.68	0	\N	6	2026-08-27 08:38:00	2026-08-27 09:26:00
290	5	25	245	\N	completed	31.9	95.0	100.0	2026-08-27 19:14:00	2026-08-27 19:58:00	44	75.46	peak	75.46	0.0	75.46	0	\N	7	2026-08-27 19:08:00	2026-08-27 20:00:00
291	11	21	189	\N	completed	34.4	95.0	100.0	2026-08-27 06:08:00	2026-08-27 07:07:00	59	101.17	valley	40.47	0.0	40.47	0	\N	10	2026-08-27 06:02:00	2026-08-27 07:09:00
292	5	4	36	\N	completed	29.5	95.0	100.0	2026-08-27 19:36:00	2026-08-27 20:49:00	73	87.74	peak	87.74	0.0	87.74	0	\N	8	2026-08-27 19:30:00	2026-08-27 20:51:00
293	7	8	78	\N	completed	35.8	95.0	59.5	2026-08-27 12:39:00	2026-08-27 16:24:00	225	23.7	flat	16.59	0.0	16.59	0	\N	2	2026-08-27 12:33:00	2026-08-27 16:26:00
294	4	7	72	\N	completed	20.5	95.0	36.5	2026-08-27 06:37:00	2026-08-27 09:08:00	151	16.02	valley	6.41	0.0	6.41	0	\N	1	2026-08-27 06:31:00	2026-08-27 09:10:00
295	5	13	127	\N	completed	26.6	95.0	44.6	2026-08-27 12:41:00	2026-08-27 15:51:00	190	18.01	flat	12.61	0.0	12.61	0	\N	1	2026-08-27 12:35:00	2026-08-27 15:53:00
296	10	2	14	\N	completed	25.5	95.0	94.8	2026-08-27 16:56:00	2026-08-27 18:18:00	82	69.31	flat	48.52	0.0	48.52	0	\N	6	2026-08-27 16:50:00	2026-08-27 18:20:00
297	13	16	152	\N	completed	33.8	95.0	100.0	2026-08-27 14:03:00	2026-08-27 15:24:00	81	111.48	flat	78.04	0.0	78.04	0	\N	11	2026-08-27 13:57:00	2026-08-27 15:26:00
298	13	6	58	\N	completed	12.1	95.0	31.0	2026-08-27 08:31:00	2026-08-27 11:32:00	181	18.91	flat	13.24	0.0	13.24	0	\N	1	2026-08-27 08:25:00	2026-08-27 11:34:00
299	1	20	185	\N	completed	35.2	95.0	55.3	2026-08-27 19:08:00	2026-08-27 22:29:00	201	20.12	peak	20.12	0.0	20.12	0	\N	2	2026-08-27 19:02:00	2026-08-27 22:31:00
300	6	25	242	\N	completed	12.0	95.0	83.4	2026-08-27 11:04:00	2026-08-27 12:33:00	89	71.42	flat	49.99	0.0	49.99	0	\N	7	2026-08-27 10:58:00	2026-08-27 12:35:00
301	2	3	31	\N	completed	31.4	95.0	53.1	2026-08-27 08:32:00	2026-08-27 12:13:00	221	21.73	flat	15.21	0.0	15.21	0	\N	2	2026-08-27 08:26:00	2026-08-27 12:15:00
302	14	22	206	\N	completed	28.5	95.0	87.9	2026-08-27 18:40:00	2026-08-27 19:25:00	45	59.43	peak	59.43	0.0	59.43	0	\N	5	2026-08-27 18:34:00	2026-08-27 19:27:00
303	3	27	262	\N	completed	19.8	95.0	36.3	2026-08-28 06:51:00	2026-08-28 09:43:00	172	16.52	valley	6.61	0.0	6.61	0	\N	1	2026-08-28 06:45:00	2026-08-28 09:45:00
304	3	17	159	\N	completed	35.4	95.0	100.0	2026-08-28 16:27:00	2026-08-28 17:51:00	84	114.6	flat	80.22	0.0	80.22	0	\N	11	2026-08-28 16:21:00	2026-08-28 17:53:00
305	3	23	223	\N	completed	11.7	95.0	74.6	2026-08-28 05:29:00	2026-08-28 06:16:00	47	62.88	valley	25.15	0.0	25.15	0	\N	6	2026-08-28 05:23:00	2026-08-28 06:18:00
306	6	7	62	\N	completed	10.3	95.0	43.1	2026-08-28 17:45:00	2026-08-28 18:25:00	40	32.82	peak	32.82	0.0	32.82	0	\N	3	2026-08-28 17:39:00	2026-08-28 18:27:00
307	12	28	268	\N	completed	17.8	95.0	100.0	2026-08-28 14:50:00	2026-08-28 16:03:00	73	101.11	flat	70.78	0.0	70.78	0	\N	10	2026-08-28 14:44:00	2026-08-28 16:05:00
308	9	7	61	\N	completed	34.2	95.0	100.0	2026-08-28 10:57:00	2026-08-28 12:26:00	89	143.18	flat	100.23	0.0	100.23	0	\N	14	2026-08-28 10:51:00	2026-08-28 12:28:00
309	3	14	135	\N	completed	24.9	95.0	100.0	2026-08-28 08:36:00	2026-08-28 10:01:00	85	76.0	flat	53.2	0.0	53.2	0	\N	7	2026-08-28 08:30:00	2026-08-28 10:03:00
310	2	26	256	\N	completed	17.7	95.0	44.1	2026-08-28 14:10:00	2026-08-28 18:35:00	265	26.44	flat	18.51	0.0	18.51	0	\N	2	2026-08-28 14:04:00	2026-08-28 18:37:00
311	4	12	117	\N	completed	35.9	95.0	59.4	2026-08-28 06:00:00	2026-08-28 10:10:00	250	23.53	valley	9.41	0.0	9.41	0	\N	2	2026-08-28 05:54:00	2026-08-28 10:12:00
312	16	21	187	\N	completed	37.9	95.0	90.5	2026-08-28 08:58:00	2026-08-28 10:02:00	64	52.64	flat	36.85	0.0	36.85	0	\N	5	2026-08-28 08:52:00	2026-08-28 10:04:00
313	14	12	115	\N	completed	31.6	95.0	51.9	2026-08-28 19:15:00	2026-08-28 22:37:00	202	20.32	peak	20.32	0.0	20.32	0	\N	2	2026-08-28 19:09:00	2026-08-28 22:39:00
314	3	21	191	\N	completed	11.6	95.0	75.1	2026-08-28 08:32:00	2026-08-28 09:19:00	47	63.52	flat	44.46	0.0	44.46	0	\N	6	2026-08-28 08:26:00	2026-08-28 09:21:00
315	17	3	24	\N	completed	36.0	95.0	96.5	2026-08-28 08:04:00	2026-08-28 09:09:00	65	60.55	flat	42.38	0.0	42.38	0	\N	6	2026-08-28 07:58:00	2026-08-28 09:11:00
316	10	18	168	\N	completed	21.1	95.0	99.3	2026-08-28 18:35:00	2026-08-28 19:20:00	45	78.17	peak	78.17	0.0	78.17	0	\N	7	2026-08-28 18:29:00	2026-08-28 19:22:00
317	10	13	125	\N	completed	24.8	95.0	49.5	2026-08-28 09:23:00	2026-08-28 13:21:00	238	24.68	flat	17.28	0.0	17.28	0	\N	2	2026-08-28 09:17:00	2026-08-28 13:23:00
318	7	29	280	\N	completed	22.3	95.0	39.3	2026-08-28 18:09:00	2026-08-28 21:11:00	182	17.01	peak	17.01	0.0	17.01	0	\N	1	2026-08-28 18:03:00	2026-08-28 21:13:00
319	12	1	5	\N	completed	21.3	95.0	100.0	2026-08-28 08:00:00	2026-08-28 09:01:00	61	111.49	flat	78.04	0.0	78.04	0	\N	11	2026-08-28 07:54:00	2026-08-28 09:03:00
320	10	6	54	\N	completed	22.6	95.0	72.8	2026-08-28 17:33:00	2026-08-28 18:26:00	53	50.22	peak	50.22	0.0	50.22	0	\N	5	2026-08-28 17:27:00	2026-08-28 18:28:00
321	5	15	144	\N	completed	36.9	95.0	100.0	2026-08-29 22:02:00	2026-08-29 22:47:00	45	63.33	flat	44.33	0.0	44.33	0	\N	6	2026-08-29 21:56:00	2026-08-29 22:49:00
322	12	24	235	\N	completed	14.0	95.0	27.4	2026-08-29 14:37:00	2026-08-29 16:58:00	141	13.4	flat	9.38	0.0	9.38	0	\N	1	2026-08-29 14:31:00	2026-08-29 17:00:00
323	3	3	32	\N	completed	17.1	95.0	42.6	2026-08-29 18:42:00	2026-08-29 22:33:00	231	25.46	peak	25.46	0.0	25.46	0	\N	2	2026-08-29 18:36:00	2026-08-29 22:35:00
324	11	21	202	\N	completed	19.5	95.0	51.2	2026-08-29 08:53:00	2026-08-29 13:52:00	299	31.75	flat	22.22	0.0	22.22	0	\N	3	2026-08-29 08:47:00	2026-08-29 13:54:00
325	3	12	104	\N	completed	13.3	95.0	100.0	2026-08-29 08:49:00	2026-08-29 09:37:00	48	87.89	flat	61.52	0.0	61.52	0	\N	8	2026-08-29 08:43:00	2026-08-29 09:39:00
326	15	24	239	\N	completed	20.7	95.0	39.8	2026-08-29 06:26:00	2026-08-29 09:46:00	200	19.09	valley	7.64	0.0	7.64	0	\N	1	2026-08-29 06:20:00	2026-08-29 09:48:00
327	15	17	158	\N	completed	12.7	95.0	76.7	2026-08-29 18:16:00	2026-08-29 19:25:00	69	64.02	peak	64.02	0.0	64.02	0	\N	6	2026-08-29 18:10:00	2026-08-29 19:27:00
328	10	2	21	\N	completed	14.4	95.0	33.4	2026-08-29 18:53:00	2026-08-29 21:48:00	175	18.96	peak	18.96	0.0	18.96	0	\N	1	2026-08-29 18:47:00	2026-08-29 21:50:00
329	12	22	203	\N	completed	17.8	95.0	100.0	2026-08-29 17:03:00	2026-08-29 18:15:00	72	97.37	peak	97.37	0.0	97.37	0	\N	9	2026-08-29 16:57:00	2026-08-29 18:17:00
330	1	22	208	\N	completed	17.5	95.0	79.5	2026-08-29 23:35:00	2026-08-30 00:43:00	68	62.03	flat	43.42	0.0	43.42	0	\N	6	2026-08-29 23:29:00	2026-08-30 00:45:00
331	5	7	63	\N	completed	39.5	95.0	95.0	2026-08-30 06:03:00	2026-08-30 06:43:00	40	55.47	valley	22.19	0.0	22.19	0	\N	5	2026-08-30 05:57:00	2026-08-30 06:45:00
332	13	21	191	\N	completed	12.5	95.0	100.0	2026-08-30 07:40:00	2026-08-30 09:03:00	83	117.11	valley	46.84	0.0	46.84	0	\N	11	2026-08-30 07:34:00	2026-08-30 09:05:00
333	3	1	12	\N	completed	23.3	95.0	38.1	2026-08-30 16:12:00	2026-08-30 18:28:00	136	14.84	flat	10.39	0.0	10.39	0	\N	1	2026-08-30 16:06:00	2026-08-30 18:30:00
334	11	7	63	\N	completed	37.7	95.0	88.6	2026-08-30 07:29:00	2026-08-30 08:11:00	42	50.88	valley	20.35	0.0	20.35	0	\N	5	2026-08-30 07:23:00	2026-08-30 08:13:00
335	13	26	255	\N	completed	15.2	95.0	28.6	2026-08-30 12:24:00	2026-08-30 14:31:00	127	13.37	flat	9.36	0.0	9.36	0	\N	1	2026-08-30 12:18:00	2026-08-30 14:33:00
336	6	14	141	\N	completed	11.0	95.0	31.8	2026-08-30 08:28:00	2026-08-30 11:39:00	191	20.78	flat	14.55	0.0	14.55	0	\N	2	2026-08-30 08:22:00	2026-08-30 11:41:00
337	8	16	152	\N	completed	24.4	95.0	100.0	2026-08-30 16:26:00	2026-08-30 17:37:00	71	99.3	flat	69.51	0.0	69.51	0	\N	9	2026-08-30 16:20:00	2026-08-30 17:39:00
338	13	7	71	\N	completed	33.9	95.0	57.6	2026-08-30 06:12:00	2026-08-30 09:59:00	227	23.74	valley	9.5	0.0	9.5	0	\N	2	2026-08-30 06:06:00	2026-08-30 10:01:00
339	1	21	196	\N	completed	24.5	95.0	46.2	2026-08-30 08:30:00	2026-08-30 12:01:00	211	21.7	flat	15.19	0.0	15.19	0	\N	2	2026-08-30 08:24:00	2026-08-30 12:03:00
340	17	17	165	\N	completed	19.6	95.0	40.7	2026-08-30 20:17:00	2026-08-30 23:56:00	219	21.13	peak	21.13	0.0	21.13	0	\N	2	2026-08-30 20:11:00	2026-08-30 23:58:00
341	9	3	30	\N	completed	27.5	95.0	51.4	2026-08-30 08:33:00	2026-08-30 12:33:00	240	23.9	flat	16.73	0.0	16.73	0	\N	2	2026-08-30 08:27:00	2026-08-30 12:35:00
342	6	6	52	\N	completed	26.0	95.0	72.0	2026-08-30 08:42:00	2026-08-30 09:37:00	55	45.99	flat	32.19	0.0	32.19	0	\N	4	2026-08-30 08:36:00	2026-08-30 09:39:00
343	2	12	113	\N	completed	21.7	95.0	51.2	2026-08-30 18:54:00	2026-08-30 23:21:00	267	29.51	peak	29.51	0.0	29.51	0	\N	2	2026-08-30 18:48:00	2026-08-30 23:23:00
344	6	10	91	\N	completed	32.1	95.0	100.0	2026-08-31 23:37:00	2026-09-01 00:32:00	55	93.25	flat	65.27	0.0	65.27	0	\N	9	2026-08-31 23:31:00	2026-09-01 00:34:00
345	1	20	181	\N	completed	38.5	95.0	100.0	2026-08-31 10:36:00	2026-08-31 11:52:00	76	124.84	flat	87.39	0.0	87.39	0	\N	12	2026-08-31 10:30:00	2026-08-31 11:54:00
346	16	29	278	\N	completed	12.7	95.0	64.2	2026-08-31 18:11:00	2026-08-31 19:10:00	59	51.54	peak	51.54	0.0	51.54	0	\N	5	2026-08-31 18:05:00	2026-08-31 19:12:00
347	8	1	11	\N	completed	37.5	95.0	61.2	2026-08-31 08:30:00	2026-08-31 12:44:00	254	23.71	flat	16.6	0.0	16.6	0	\N	2	2026-08-31 08:24:00	2026-08-31 12:46:00
348	5	19	175	\N	completed	35.3	95.0	100.0	2026-08-31 08:11:00	2026-08-31 09:36:00	85	79.71	flat	55.8	0.0	55.8	0	\N	7	2026-08-31 08:05:00	2026-08-31 09:38:00
349	1	8	76	\N	completed	33.2	95.0	100.0	2026-08-31 09:45:00	2026-08-31 11:02:00	77	108.29	flat	75.8	0.0	75.8	0	\N	10	2026-08-31 09:39:00	2026-08-31 11:04:00
350	12	4	38	\N	completed	21.9	95.0	45.5	2026-08-31 19:45:00	2026-08-31 23:20:00	215	23.61	peak	23.61	0.0	23.61	0	\N	2	2026-08-31 19:39:00	2026-08-31 23:22:00
351	10	17	166	\N	completed	23.1	95.0	39.5	2026-08-31 06:10:00	2026-08-31 08:44:00	154	16.35	valley	6.54	0.0	6.54	0	\N	1	2026-08-31 06:04:00	2026-08-31 08:46:00
352	16	17	163	\N	completed	30.8	95.0	48.9	2026-08-31 16:45:00	2026-08-31 19:29:00	164	18.09	flat	12.66	0.0	12.66	0	\N	1	2026-08-31 16:39:00	2026-08-31 19:31:00
353	12	12	115	\N	completed	21.4	95.0	52.6	2026-08-31 20:37:00	2026-09-01 01:27:00	290	31.2	peak	31.2	0.0	31.2	0	\N	3	2026-08-31 20:31:00	2026-09-01 01:29:00
354	10	7	66	\N	completed	31.1	95.0	46.5	2026-08-31 17:46:00	2026-08-31 20:31:00	165	15.41	peak	15.41	0.0	15.41	0	\N	1	2026-08-31 17:40:00	2026-08-31 20:33:00
355	2	10	94	\N	completed	39.0	95.0	69.0	2026-08-31 15:20:00	2026-08-31 19:54:00	274	29.99	flat	20.99	0.0	20.99	0	\N	2	2026-08-31 15:14:00	2026-08-31 19:56:00
356	4	26	255	\N	completed	17.1	95.0	33.7	2026-08-31 08:21:00	2026-08-31 10:57:00	156	16.59	flat	11.61	0.0	11.61	0	\N	1	2026-08-31 08:15:00	2026-08-31 10:59:00
357	6	5	46	\N	completed	36.6	95.0	100.0	2026-08-31 22:42:00	2026-09-01 00:07:00	85	152.3	flat	106.61	0.0	106.61	0	\N	15	2026-08-31 22:36:00	2026-09-01 00:09:00
358	9	12	108	\N	completed	17.7	95.0	100.0	2026-08-31 12:44:00	2026-08-31 13:39:00	55	89.12	flat	62.38	0.0	62.38	0	\N	8	2026-08-31 12:38:00	2026-08-31 13:41:00
359	1	3	25	\N	completed	39.1	95.0	100.0	2026-08-31 06:28:00	2026-08-31 07:32:00	64	87.35	valley	34.94	0.0	34.94	0	\N	8	2026-08-31 06:22:00	2026-08-31 07:34:00
360	16	21	194	\N	completed	34.9	95.0	55.8	2026-08-31 19:34:00	2026-08-31 23:03:00	209	20.88	peak	20.88	0.0	20.88	0	\N	2	2026-08-31 19:28:00	2026-08-31 23:05:00
361	8	9	84	\N	completed	11.0	95.0	100.0	2026-08-31 18:04:00	2026-08-31 19:12:00	68	125.1	peak	125.1	0.0	125.1	0	\N	12	2026-08-31 17:58:00	2026-08-31 19:14:00
362	9	6	54	\N	completed	21.3	95.0	57.6	2026-08-31 02:21:00	2026-08-31 03:05:00	44	36.32	valley	14.53	0.0	14.53	0	\N	3	2026-08-31 02:15:00	2026-08-31 03:07:00
363	3	18	174	\N	completed	31.1	95.0	60.7	2026-08-31 17:39:00	2026-08-31 22:11:00	272	29.64	peak	29.64	0.0	29.64	0	\N	2	2026-08-31 17:33:00	2026-08-31 22:13:00
364	6	23	223	\N	completed	16.2	95.0	77.3	2026-08-31 12:03:00	2026-08-31 12:53:00	50	61.14	flat	42.8	0.0	42.8	0	\N	6	2026-08-31 11:57:00	2026-08-31 12:55:00
365	9	15	145	\N	completed	21.8	95.0	69.8	2026-08-31 08:15:00	2026-08-31 09:14:00	59	48.05	flat	33.63	0.0	33.63	0	\N	4	2026-08-31 08:09:00	2026-08-31 09:16:00
366	5	3	28	\N	completed	18.8	95.0	100.0	2026-09-01 18:00:00	2026-09-01 19:03:00	63	108.88	peak	108.88	0.0	108.88	0	\N	10	2026-09-01 17:54:00	2026-09-01 19:05:00
367	16	12	103	\N	completed	29.1	95.0	100.0	2026-09-01 17:01:00	2026-09-01 17:47:00	46	76.46	peak	76.46	0.0	76.46	0	\N	7	2026-09-01 16:55:00	2026-09-01 17:49:00
368	16	7	60	\N	completed	24.7	95.0	100.0	2026-09-01 22:50:00	2026-09-01 23:49:00	59	76.08	flat	53.26	0.0	53.26	0	\N	7	2026-09-01 22:44:00	2026-09-01 23:51:00
369	3	29	279	\N	completed	21.4	95.0	43.3	2026-09-01 17:11:00	2026-09-01 20:50:00	219	21.86	peak	21.86	0.0	21.86	0	\N	2	2026-09-01 17:05:00	2026-09-01 20:52:00
370	2	14	135	\N	completed	35.1	95.0	92.2	2026-09-01 07:29:00	2026-09-01 08:37:00	68	57.09	valley	22.84	0.0	22.84	0	\N	5	2026-09-01 07:23:00	2026-09-01 08:39:00
371	5	5	50	\N	completed	26.2	95.0	40.2	2026-09-01 15:42:00	2026-09-01 18:03:00	141	14.01	flat	9.81	0.0	9.81	0	\N	1	2026-09-01 15:36:00	2026-09-01 18:05:00
372	8	30	284	\N	completed	25.7	95.0	81.0	2026-09-01 22:53:00	2026-09-01 23:36:00	43	55.35	flat	38.74	0.0	38.74	0	\N	5	2026-09-01 22:47:00	2026-09-01 23:38:00
373	16	13	121	\N	completed	37.1	95.0	100.0	2026-09-01 21:19:00	2026-09-01 22:29:00	70	113.66	flat	79.56	0.0	79.56	0	\N	11	2026-09-01 21:13:00	2026-09-01 22:31:00
374	17	28	265	\N	completed	14.4	95.0	100.0	2026-09-01 17:43:00	2026-09-01 18:59:00	76	144.01	peak	144.01	0.0	144.01	0	\N	14	2026-09-01 17:37:00	2026-09-01 19:01:00
375	15	10	89	\N	completed	13.8	95.0	100.0	2026-09-01 21:13:00	2026-09-01 22:03:00	50	92.13	flat	64.49	0.0	64.49	0	\N	9	2026-09-01 21:07:00	2026-09-01 22:05:00
376	14	12	104	\N	completed	17.7	95.0	100.0	2026-09-01 11:09:00	2026-09-01 12:29:00	80	148.02	flat	103.61	0.0	103.61	0	\N	14	2026-09-01 11:03:00	2026-09-01 12:31:00
377	3	5	45	\N	completed	19.8	95.0	74.8	2026-09-01 20:35:00	2026-09-01 21:39:00	64	55.01	peak	55.01	0.0	55.01	0	\N	5	2026-09-01 20:29:00	2026-09-01 21:41:00
378	15	1	7	\N	completed	33.5	95.0	64.5	2026-09-01 08:39:00	2026-09-01 13:38:00	299	30.98	flat	21.69	0.0	21.69	0	\N	3	2026-09-01 08:33:00	2026-09-01 13:40:00
379	5	8	76	\N	completed	38.9	95.0	100.0	2026-09-01 07:37:00	2026-09-01 08:53:00	76	101.16	valley	40.46	0.0	40.46	0	\N	10	2026-09-01 07:31:00	2026-09-01 08:55:00
380	4	6	52	\N	completed	36.4	95.0	100.0	2026-09-01 06:18:00	2026-09-01 07:48:00	90	83.71	valley	33.48	0.0	33.48	0	\N	8	2026-09-01 06:12:00	2026-09-01 07:50:00
381	9	21	197	\N	completed	24.2	95.0	53.9	2026-09-01 19:31:00	2026-09-02 00:18:00	287	29.66	peak	29.66	0.0	29.66	0	\N	2	2026-09-01 19:25:00	2026-09-02 00:20:00
382	13	8	74	\N	completed	22.1	95.0	100.0	2026-09-01 07:38:00	2026-09-01 08:57:00	79	142.54	valley	57.02	0.0	57.02	0	\N	14	2026-09-01 07:32:00	2026-09-01 08:59:00
383	11	13	122	\N	completed	18.1	95.0	74.3	2026-09-01 10:47:00	2026-09-01 11:30:00	43	56.2	flat	39.34	0.0	39.34	0	\N	5	2026-09-01 10:41:00	2026-09-01 11:32:00
384	11	16	156	\N	completed	35.7	95.0	57.2	2026-09-01 10:17:00	2026-09-01 13:36:00	199	21.51	flat	15.06	0.0	15.06	0	\N	2	2026-09-01 10:11:00	2026-09-01 13:38:00
385	8	7	69	\N	completed	34.8	95.0	54.6	2026-09-01 17:47:00	2026-09-01 21:03:00	196	19.81	peak	19.81	0.0	19.81	0	\N	1	2026-09-01 17:41:00	2026-09-01 21:05:00
386	3	11	97	\N	completed	22.2	95.0	85.9	2026-09-02 17:13:00	2026-09-02 18:21:00	68	63.72	peak	63.72	0.0	63.72	0	\N	6	2026-09-02 17:07:00	2026-09-02 18:23:00
387	17	21	192	\N	completed	12.0	95.0	51.5	2026-09-02 13:32:00	2026-09-02 14:15:00	43	39.51	flat	27.66	0.0	27.66	0	\N	3	2026-09-02 13:26:00	2026-09-02 14:17:00
388	13	7	70	\N	completed	15.2	95.0	41.4	2026-09-02 17:56:00	2026-09-02 22:10:00	254	26.23	peak	26.23	0.0	26.23	0	\N	2	2026-09-02 17:50:00	2026-09-02 22:12:00
389	7	3	30	\N	completed	37.5	95.0	56.0	2026-09-02 19:02:00	2026-09-02 22:05:00	183	18.54	peak	18.54	0.0	18.54	0	\N	1	2026-09-02 18:56:00	2026-09-02 22:07:00
390	9	21	189	\N	completed	37.7	95.0	100.0	2026-09-02 17:32:00	2026-09-02 18:41:00	69	118.62	peak	118.62	0.0	118.62	0	\N	11	2026-09-02 17:26:00	2026-09-02 18:43:00
391	8	21	191	\N	completed	38.8	95.0	100.0	2026-09-02 17:38:00	2026-09-02 18:49:00	71	92.33	peak	92.33	0.0	92.33	0	\N	9	2026-09-02 17:32:00	2026-09-02 18:51:00
392	12	19	177	\N	completed	32.5	95.0	79.2	2026-09-02 13:53:00	2026-09-02 14:43:00	50	46.71	flat	32.7	0.0	32.7	0	\N	4	2026-09-02 13:47:00	2026-09-02 14:45:00
393	10	2	15	\N	completed	27.2	95.0	100.0	2026-09-02 17:03:00	2026-09-02 18:07:00	64	105.53	peak	105.53	0.0	105.53	0	\N	10	2026-09-02 16:57:00	2026-09-02 18:09:00
394	8	12	116	\N	completed	22.3	95.0	51.0	2026-09-02 21:13:00	2026-09-03 02:06:00	293	28.73	flat	20.11	0.0	20.11	0	\N	2	2026-09-02 21:07:00	2026-09-03 02:08:00
395	1	25	243	\N	completed	34.0	95.0	73.7	2026-09-02 02:41:00	2026-09-02 03:29:00	48	39.65	valley	15.86	0.0	15.86	0	\N	3	2026-09-02 02:35:00	2026-09-02 03:31:00
396	10	14	141	\N	completed	20.5	95.0	43.3	2026-09-02 08:57:00	2026-09-02 12:45:00	228	22.78	flat	15.95	0.0	15.95	0	\N	2	2026-09-02 08:51:00	2026-09-02 12:47:00
397	15	16	155	\N	completed	21.9	95.0	53.5	2026-09-02 08:33:00	2026-09-02 13:26:00	293	31.57	flat	22.1	0.0	22.1	0	\N	3	2026-09-02 08:27:00	2026-09-02 13:28:00
398	17	21	192	\N	completed	18.5	95.0	85.2	2026-09-02 06:41:00	2026-09-02 07:56:00	75	66.68	valley	26.67	0.0	26.67	0	\N	6	2026-09-02 06:35:00	2026-09-02 07:58:00
399	16	4	33	\N	completed	35.8	95.0	90.5	2026-09-02 17:17:00	2026-09-02 18:18:00	61	54.66	peak	54.66	0.0	54.66	0	\N	5	2026-09-02 17:11:00	2026-09-02 18:20:00
400	10	11	97	\N	completed	37.0	95.0	81.8	2026-09-02 08:33:00	2026-09-02 09:22:00	49	44.83	flat	31.38	0.0	31.38	0	\N	4	2026-09-02 08:27:00	2026-09-02 09:24:00
401	13	17	164	\N	completed	29.7	95.0	60.8	2026-09-02 18:08:00	2026-09-02 23:02:00	294	31.15	peak	31.15	0.0	31.15	0	\N	3	2026-09-02 18:02:00	2026-09-02 23:04:00
402	9	22	215	\N	completed	27.5	95.0	51.2	2026-09-02 23:24:00	2026-09-03 03:07:00	223	23.69	flat	16.58	0.0	16.58	0	\N	2	2026-09-02 23:18:00	2026-09-03 03:09:00
403	7	19	176	\N	completed	26.0	95.0	100.0	2026-09-02 23:45:00	2026-09-03 01:11:00	86	107.5	flat	75.25	0.0	75.25	0	\N	10	2026-09-02 23:39:00	2026-09-03 01:13:00
404	12	27	260	\N	completed	29.7	95.0	100.0	2026-09-03 13:54:00	2026-09-03 14:53:00	59	73.06	flat	51.14	0.0	51.14	0	\N	7	2026-09-03 13:48:00	2026-09-03 14:55:00
405	10	5	50	\N	completed	31.8	95.0	57.3	2026-09-03 15:08:00	2026-09-03 19:08:00	240	25.51	flat	17.86	0.0	17.86	0	\N	2	2026-09-03 15:02:00	2026-09-03 19:10:00
406	6	18	172	\N	completed	16.7	95.0	44.6	2026-09-03 15:05:00	2026-09-03 19:52:00	287	27.9	flat	19.53	0.0	19.53	0	\N	2	2026-09-03 14:59:00	2026-09-03 19:54:00
407	14	18	170	\N	completed	23.9	95.0	100.0	2026-09-03 19:16:00	2026-09-03 20:19:00	63	83.9	peak	83.9	0.0	83.9	0	\N	8	2026-09-03 19:10:00	2026-09-03 20:21:00
408	2	4	37	\N	completed	13.6	95.0	100.0	2026-09-03 07:56:00	2026-09-03 09:06:00	70	116.09	valley	46.44	0.0	46.44	0	\N	11	2026-09-03 07:50:00	2026-09-03 09:08:00
409	17	16	153	\N	completed	14.5	95.0	75.9	2026-09-03 17:03:00	2026-09-03 18:09:00	66	61.42	peak	61.42	0.0	61.42	0	\N	6	2026-09-03 16:57:00	2026-09-03 18:11:00
410	11	22	210	\N	completed	23.7	95.0	52.6	2026-09-03 23:57:00	2026-09-04 04:22:00	265	28.94	flat	20.26	0.0	20.26	0	\N	2	2026-09-03 23:51:00	2026-09-04 04:24:00
411	6	5	42	\N	completed	15.3	95.0	100.0	2026-09-03 09:21:00	2026-09-03 10:32:00	71	127.04	flat	88.93	0.0	88.93	0	\N	12	2026-09-03 09:15:00	2026-09-03 10:34:00
412	1	24	232	\N	completed	15.1	95.0	93.3	2026-09-03 16:13:00	2026-09-03 17:10:00	57	78.16	flat	54.71	0.0	54.71	0	\N	7	2026-09-03 16:07:00	2026-09-03 17:12:00
413	16	5	46	\N	completed	22.9	95.0	100.0	2026-09-03 18:39:00	2026-09-03 19:27:00	48	83.05	peak	83.05	0.0	83.05	0	\N	8	2026-09-03 18:33:00	2026-09-03 19:29:00
414	16	21	197	\N	completed	31.9	95.0	44.3	2026-09-03 12:02:00	2026-09-03 14:03:00	121	12.42	flat	8.69	0.0	8.69	0	\N	1	2026-09-03 11:56:00	2026-09-03 14:05:00
415	11	28	272	\N	completed	28.8	95.0	46.5	2026-09-03 21:01:00	2026-09-03 23:49:00	168	17.67	flat	12.37	0.0	12.37	0	\N	1	2026-09-03 20:55:00	2026-09-03 23:51:00
416	12	17	160	\N	completed	27.7	95.0	89.4	2026-09-03 08:06:00	2026-09-03 08:54:00	48	61.74	flat	43.22	0.0	43.22	0	\N	6	2026-09-03 08:00:00	2026-09-03 08:56:00
417	2	16	153	\N	completed	27.9	95.0	80.6	2026-09-03 07:29:00	2026-09-03 08:27:00	58	52.73	valley	21.09	0.0	21.09	0	\N	5	2026-09-03 07:23:00	2026-09-03 08:29:00
418	5	19	176	\N	completed	14.9	95.0	100.0	2026-09-03 09:22:00	2026-09-03 10:33:00	71	97.18	flat	68.03	0.0	68.03	0	\N	9	2026-09-03 09:16:00	2026-09-03 10:35:00
419	13	1	10	\N	completed	13.9	95.0	32.8	2026-09-03 20:14:00	2026-09-03 23:12:00	178	18.88	peak	18.88	0.0	18.88	0	\N	1	2026-09-03 20:08:00	2026-09-03 23:14:00
420	17	9	87	\N	completed	33.8	95.0	49.8	2026-09-03 17:23:00	2026-09-03 19:54:00	151	15.97	peak	15.97	0.0	15.97	0	\N	1	2026-09-03 17:17:00	2026-09-03 19:56:00
421	9	28	274	\N	completed	11.4	95.0	40.3	2026-09-03 10:03:00	2026-09-03 14:42:00	279	28.94	flat	20.26	0.0	20.26	0	\N	2	2026-09-03 09:57:00	2026-09-03 14:44:00
422	1	3	25	\N	completed	21.4	95.0	100.0	2026-09-03 06:07:00	2026-09-03 07:31:00	84	108.68	valley	43.47	0.0	43.47	0	\N	10	2026-09-03 06:01:00	2026-09-03 07:33:00
423	16	9	79	\N	completed	10.3	95.0	100.0	2026-09-03 15:44:00	2026-09-03 16:37:00	53	95.7	flat	66.99	0.0	66.99	0	\N	9	2026-09-03 15:38:00	2026-09-03 16:39:00
424	4	28	267	\N	completed	14.1	95.0	64.9	2026-09-03 11:39:00	2026-09-03 12:36:00	57	50.78	flat	35.55	0.0	35.55	0	\N	5	2026-09-03 11:33:00	2026-09-03 12:38:00
425	4	27	262	\N	completed	33.5	95.0	60.8	2026-09-03 18:07:00	2026-09-03 22:45:00	278	27.32	peak	27.32	0.0	27.32	0	\N	2	2026-09-03 18:01:00	2026-09-03 22:47:00
426	7	14	135	\N	completed	22.3	95.0	84.6	2026-09-04 08:12:00	2026-09-04 09:25:00	73	62.32	flat	43.62	0.0	43.62	0	\N	6	2026-09-04 08:06:00	2026-09-04 09:27:00
427	16	12	107	\N	completed	17.0	95.0	100.0	2026-09-04 07:59:00	2026-09-04 09:23:00	84	146.51	valley	58.6	0.0	58.6	0	\N	14	2026-09-04 07:53:00	2026-09-04 09:25:00
428	3	6	57	\N	completed	38.5	95.0	65.6	2026-09-04 01:42:00	2026-09-04 06:08:00	266	27.13	valley	10.85	0.0	10.85	0	\N	2	2026-09-04 01:36:00	2026-09-04 06:10:00
429	3	6	52	\N	completed	39.7	95.0	86.4	2026-09-04 18:41:00	2026-09-04 19:37:00	56	46.74	peak	46.74	0.0	46.74	0	\N	4	2026-09-04 18:35:00	2026-09-04 19:39:00
430	15	3	26	\N	completed	11.2	95.0	87.2	2026-09-04 09:52:00	2026-09-04 10:38:00	46	76.01	flat	53.21	0.0	53.21	0	\N	7	2026-09-04 09:46:00	2026-09-04 10:40:00
431	11	22	219	\N	completed	36.7	95.0	52.8	2026-09-04 09:06:00	2026-09-04 11:35:00	149	16.13	flat	11.29	0.0	11.29	0	\N	1	2026-09-04 09:00:00	2026-09-04 11:37:00
432	5	9	88	\N	completed	38.7	95.0	60.9	2026-09-04 00:22:00	2026-09-04 03:46:00	204	22.23	valley	8.89	0.0	8.89	0	\N	2	2026-09-04 00:16:00	2026-09-04 03:48:00
433	3	21	191	\N	completed	22.0	95.0	96.8	2026-09-04 08:11:00	2026-09-04 09:12:00	61	74.76	flat	52.33	0.0	52.33	0	\N	7	2026-09-04 08:05:00	2026-09-04 09:14:00
434	13	25	245	\N	completed	15.0	95.0	100.0	2026-09-04 13:41:00	2026-09-04 14:47:00	66	123.15	flat	86.2	0.0	86.2	0	\N	12	2026-09-04 13:35:00	2026-09-04 14:49:00
435	2	9	82	\N	completed	24.5	95.0	67.6	2026-09-04 07:26:00	2026-09-04 08:12:00	46	43.09	valley	17.24	0.0	17.24	0	\N	4	2026-09-04 07:20:00	2026-09-04 08:14:00
436	15	10	93	\N	completed	28.3	95.0	100.0	2026-09-04 15:24:00	2026-09-04 16:43:00	79	144.87	flat	101.41	0.0	101.41	0	\N	14	2026-09-04 15:18:00	2026-09-04 16:45:00
437	5	25	248	\N	completed	23.2	95.0	49.8	2026-09-04 19:07:00	2026-09-04 23:11:00	244	26.56	peak	26.56	0.0	26.56	0	\N	2	2026-09-04 19:01:00	2026-09-04 23:13:00
438	11	1	7	\N	completed	33.0	95.0	64.6	2026-09-04 05:55:00	2026-09-04 10:55:00	300	31.56	valley	12.62	0.0	12.62	0	\N	3	2026-09-04 05:49:00	2026-09-04 10:57:00
439	8	18	174	\N	completed	28.5	95.0	55.1	2026-09-04 16:33:00	2026-09-04 20:45:00	252	26.56	flat	18.59	0.0	18.59	0	\N	2	2026-09-04 16:27:00	2026-09-04 20:47:00
440	8	25	247	\N	completed	21.5	95.0	43.4	2026-09-04 12:42:00	2026-09-04 16:10:00	208	21.88	flat	15.32	0.0	15.32	0	\N	2	2026-09-04 12:36:00	2026-09-04 16:12:00
441	2	1	6	\N	completed	35.5	95.0	100.0	2026-09-04 18:59:00	2026-09-04 20:20:00	81	66.71	peak	66.71	0.0	66.71	0	\N	6	2026-09-04 18:53:00	2026-09-04 20:22:00
442	6	4	39	\N	completed	39.1	95.0	63.0	2026-09-04 19:20:00	2026-09-04 23:25:00	245	23.9	peak	23.9	0.0	23.9	0	\N	2	2026-09-04 19:14:00	2026-09-04 23:27:00
443	8	30	282	\N	completed	17.0	95.0	100.0	2026-09-04 05:24:00	2026-09-04 06:45:00	81	104.55	valley	41.82	0.0	41.82	0	\N	10	2026-09-04 05:18:00	2026-09-04 06:47:00
444	15	5	46	\N	completed	39.4	95.0	100.0	2026-09-04 13:28:00	2026-09-04 14:39:00	71	120.33	flat	84.23	0.0	84.23	0	\N	12	2026-09-04 13:22:00	2026-09-04 14:41:00
445	4	22	207	\N	completed	10.0	95.0	97.5	2026-09-05 16:02:00	2026-09-05 17:08:00	66	87.47	flat	61.23	0.0	61.23	0	\N	8	2026-09-05 15:56:00	2026-09-05 17:10:00
446	10	27	261	\N	completed	23.7	95.0	91.1	2026-09-05 06:13:00	2026-09-05 07:28:00	75	67.36	valley	26.94	0.0	26.94	0	\N	6	2026-09-05 06:07:00	2026-09-05 07:30:00
447	2	12	115	\N	completed	28.6	95.0	52.9	2026-09-05 09:21:00	2026-09-05 13:17:00	236	24.34	flat	17.04	0.0	17.04	0	\N	2	2026-09-05 09:15:00	2026-09-05 13:19:00
448	12	24	232	\N	completed	16.7	95.0	81.1	2026-09-05 13:06:00	2026-09-05 13:53:00	47	64.43	flat	45.1	0.0	45.1	0	\N	6	2026-09-05 13:00:00	2026-09-05 13:55:00
449	10	30	281	\N	completed	11.4	95.0	100.0	2026-09-05 09:23:00	2026-09-05 10:36:00	73	132.18	flat	92.53	0.0	92.53	0	\N	13	2026-09-05 09:17:00	2026-09-05 10:38:00
450	5	22	210	\N	completed	15.6	95.0	30.9	2026-09-05 07:16:00	2026-09-05 09:43:00	147	15.29	valley	6.12	0.0	6.12	0	\N	1	2026-09-05 07:10:00	2026-09-05 09:45:00
451	13	12	111	\N	completed	31.5	95.0	56.9	2026-09-05 20:52:00	2026-09-06 00:49:00	237	25.36	peak	25.36	0.0	25.36	0	\N	2	2026-09-05 20:46:00	2026-09-06 00:51:00
452	14	3	24	\N	completed	13.7	95.0	85.8	2026-09-05 06:53:00	2026-09-05 08:13:00	80	72.07	valley	28.83	0.0	28.83	0	\N	7	2026-09-05 06:47:00	2026-09-05 08:15:00
453	15	27	259	\N	completed	32.1	95.0	89.8	2026-09-05 19:31:00	2026-09-05 20:19:00	48	57.65	peak	57.65	0.0	57.65	0	\N	5	2026-09-05 19:25:00	2026-09-05 20:21:00
454	14	25	248	\N	completed	15.3	95.0	42.7	2026-09-05 15:49:00	2026-09-05 19:59:00	250	27.36	flat	19.15	0.0	19.15	0	\N	2	2026-09-05 15:43:00	2026-09-05 20:01:00
455	5	6	54	\N	completed	36.5	95.0	93.5	2026-09-05 16:42:00	2026-09-05 17:46:00	64	56.97	flat	39.88	0.0	39.88	0	\N	5	2026-09-05 16:36:00	2026-09-05 17:48:00
456	13	22	215	\N	completed	17.4	95.0	46.4	2026-09-05 14:58:00	2026-09-05 19:33:00	275	29.0	flat	20.3	0.0	20.3	0	\N	2	2026-09-05 14:52:00	2026-09-05 19:35:00
457	11	16	151	\N	completed	22.4	95.0	78.2	2026-09-05 11:51:00	2026-09-05 12:59:00	68	55.76	flat	39.03	0.0	39.03	0	\N	5	2026-09-05 11:45:00	2026-09-05 13:01:00
458	17	16	154	\N	completed	31.4	95.0	100.0	2026-09-05 17:35:00	2026-09-05 18:59:00	84	156.09	peak	156.09	0.0	156.09	0	\N	15	2026-09-05 17:29:00	2026-09-05 19:01:00
459	7	12	103	\N	completed	30.6	95.0	100.0	2026-09-05 20:39:00	2026-09-05 21:32:00	53	96.16	peak	96.16	0.0	96.16	0	\N	9	2026-09-05 20:33:00	2026-09-05 21:34:00
460	6	27	258	\N	completed	31.3	95.0	100.0	2026-09-06 07:44:00	2026-09-06 08:58:00	74	132.54	valley	53.02	0.0	53.02	0	\N	13	2026-09-06 07:38:00	2026-09-06 09:00:00
461	16	22	214	\N	completed	26.0	95.0	57.8	2026-09-06 18:47:00	2026-09-06 23:39:00	292	31.82	peak	31.82	0.0	31.82	0	\N	3	2026-09-06 18:41:00	2026-09-06 23:41:00
462	14	1	7	\N	completed	14.4	95.0	38.1	2026-09-06 19:06:00	2026-09-06 23:19:00	253	23.73	peak	23.73	0.0	23.73	0	\N	2	2026-09-06 19:00:00	2026-09-06 23:21:00
463	7	14	137	\N	completed	18.6	95.0	100.0	2026-09-06 17:50:00	2026-09-06 19:18:00	88	108.79	peak	108.79	0.0	108.79	0	\N	10	2026-09-06 17:44:00	2026-09-06 19:20:00
464	2	16	152	\N	completed	20.8	95.0	90.8	2026-09-06 08:48:00	2026-09-06 09:41:00	53	70.05	flat	49.03	0.0	49.03	0	\N	7	2026-09-06 08:42:00	2026-09-06 09:43:00
465	8	30	288	\N	completed	33.9	95.0	56.3	2026-09-06 12:15:00	2026-09-06 15:54:00	219	22.4	flat	15.68	0.0	15.68	0	\N	2	2026-09-06 12:09:00	2026-09-06 15:56:00
466	2	21	196	\N	completed	39.3	95.0	63.4	2026-09-06 17:26:00	2026-09-06 21:05:00	219	24.11	peak	24.11	0.0	24.11	0	\N	2	2026-09-06 17:20:00	2026-09-06 21:07:00
467	2	1	7	\N	completed	33.4	95.0	52.6	2026-09-06 09:12:00	2026-09-06 12:16:00	184	19.17	flat	13.42	0.0	13.42	0	\N	1	2026-09-06 09:06:00	2026-09-06 12:18:00
468	8	21	189	\N	completed	28.1	95.0	100.0	2026-09-06 19:37:00	2026-09-06 21:05:00	88	155.23	peak	155.23	0.0	155.23	0	\N	15	2026-09-06 19:31:00	2026-09-06 21:07:00
469	7	16	151	\N	completed	12.2	95.0	76.6	2026-09-06 18:11:00	2026-09-06 19:19:00	68	64.43	peak	64.43	0.0	64.43	0	\N	6	2026-09-06 18:05:00	2026-09-06 19:21:00
470	17	7	62	\N	completed	26.7	95.0	82.0	2026-09-06 21:02:00	2026-09-06 22:06:00	64	55.31	flat	38.72	0.0	38.72	0	\N	5	2026-09-06 20:56:00	2026-09-06 22:08:00
471	9	1	3	\N	completed	14.6	95.0	69.9	2026-09-06 07:29:00	2026-09-06 08:30:00	61	55.29	valley	22.12	0.0	22.12	0	\N	5	2026-09-06 07:23:00	2026-09-06 08:32:00
472	11	3	27	\N	completed	35.3	95.0	100.0	2026-09-06 07:59:00	2026-09-06 09:28:00	89	159.1	valley	63.64	0.0	63.64	0	\N	15	2026-09-06 07:53:00	2026-09-06 09:30:00
473	12	4	38	\N	completed	15.5	95.0	35.0	2026-09-06 09:33:00	2026-09-06 12:54:00	201	19.53	flat	13.67	0.0	13.67	0	\N	1	2026-09-06 09:27:00	2026-09-06 12:56:00
474	17	9	82	\N	completed	12.8	95.0	70.9	2026-09-06 05:34:00	2026-09-06 06:40:00	66	58.12	valley	23.25	0.0	23.25	0	\N	5	2026-09-06 05:28:00	2026-09-06 06:42:00
475	11	18	170	\N	completed	32.6	95.0	100.0	2026-09-07 19:18:00	2026-09-07 20:21:00	63	78.7	peak	78.7	0.0	78.7	0	\N	7	2026-09-07 19:12:00	2026-09-07 20:23:00
476	1	7	59	\N	completed	37.1	95.0	100.0	2026-09-07 15:22:00	2026-09-07 16:44:00	82	142.16	flat	99.51	0.0	99.51	0	\N	14	2026-09-07 15:16:00	2026-09-07 16:46:00
477	8	2	21	\N	completed	37.5	95.0	66.6	2026-09-07 16:56:00	2026-09-07 21:50:00	294	29.09	flat	20.36	0.0	20.36	0	\N	2	2026-09-07 16:50:00	2026-09-07 21:52:00
478	13	13	132	\N	completed	37.3	95.0	62.7	2026-09-07 21:46:00	2026-09-08 02:04:00	258	25.36	flat	17.75	0.0	17.75	0	\N	2	2026-09-07 21:40:00	2026-09-08 02:06:00
479	12	27	264	\N	completed	18.9	95.0	44.4	2026-09-07 18:28:00	2026-09-07 22:38:00	250	25.46	peak	25.46	0.0	25.46	0	\N	2	2026-09-07 18:22:00	2026-09-07 22:40:00
480	11	27	264	\N	completed	38.7	95.0	52.3	2026-09-07 16:06:00	2026-09-07 18:27:00	141	13.57	flat	9.5	0.0	9.5	0	\N	1	2026-09-07 16:00:00	2026-09-07 18:29:00
481	1	4	34	\N	completed	16.4	95.0	100.0	2026-09-07 15:42:00	2026-09-07 16:35:00	53	94.81	flat	66.37	0.0	66.37	0	\N	9	2026-09-07 15:36:00	2026-09-07 16:37:00
482	4	12	106	\N	completed	39.3	95.0	100.0	2026-09-07 17:53:00	2026-09-07 19:07:00	74	67.0	peak	67.0	0.0	67.0	0	\N	6	2026-09-07 17:47:00	2026-09-07 19:09:00
483	3	9	79	\N	completed	11.1	95.0	85.5	2026-09-07 18:29:00	2026-09-07 19:10:00	41	74.42	peak	74.42	0.0	74.42	0	\N	7	2026-09-07 18:23:00	2026-09-07 19:12:00
484	6	13	129	\N	completed	16.8	95.0	43.9	2026-09-07 06:04:00	2026-09-07 10:26:00	262	27.09	valley	10.84	0.0	10.84	0	\N	2	2026-09-07 05:58:00	2026-09-07 10:28:00
485	13	24	231	\N	completed	10.5	95.0	100.0	2026-09-07 08:25:00	2026-09-07 09:45:00	80	103.79	flat	72.65	0.0	72.65	0	\N	10	2026-09-07 08:19:00	2026-09-07 09:47:00
486	1	4	33	\N	completed	31.0	95.0	100.0	2026-09-07 17:47:00	2026-09-07 19:15:00	88	78.13	peak	78.13	0.0	78.13	0	\N	7	2026-09-07 17:41:00	2026-09-07 19:17:00
487	17	6	55	\N	completed	28.2	95.0	100.0	2026-09-07 06:50:00	2026-09-07 07:48:00	58	78.55	valley	31.42	0.0	31.42	0	\N	7	2026-09-07 06:44:00	2026-09-07 07:50:00
488	15	21	196	\N	completed	24.2	95.0	47.4	2026-09-07 08:52:00	2026-09-07 12:33:00	221	23.18	flat	16.23	0.0	16.23	0	\N	2	2026-09-07 08:46:00	2026-09-07 12:35:00
489	5	21	201	\N	completed	14.3	95.0	42.8	2026-09-07 15:18:00	2026-09-07 19:37:00	259	28.53	flat	19.97	0.0	19.97	0	\N	2	2026-09-07 15:12:00	2026-09-07 19:39:00
490	12	1	6	\N	completed	13.7	95.0	79.9	2026-09-07 17:55:00	2026-09-07 19:10:00	75	66.24	peak	66.24	0.0	66.24	0	\N	6	2026-09-07 17:49:00	2026-09-07 19:12:00
491	13	29	276	\N	completed	32.4	95.0	100.0	2026-09-07 00:05:00	2026-09-07 01:20:00	75	95.14	valley	38.06	0.0	38.06	0	\N	9	2026-09-06 23:59:00	2026-09-07 01:22:00
492	14	27	263	\N	completed	28.5	95.0	43.6	2026-09-08 09:10:00	2026-09-08 11:46:00	156	15.06	flat	10.54	0.0	10.54	0	\N	1	2026-09-08 09:04:00	2026-09-08 11:48:00
493	4	10	93	\N	completed	11.6	95.0	100.0	2026-09-08 08:51:00	2026-09-08 10:13:00	82	145.16	flat	101.61	0.0	101.61	0	\N	14	2026-09-08 08:45:00	2026-09-08 10:15:00
494	15	30	282	\N	completed	17.5	95.0	77.0	2026-09-08 17:18:00	2026-09-08 18:02:00	44	59.45	peak	59.45	0.0	59.45	0	\N	5	2026-09-08 17:12:00	2026-09-08 18:04:00
495	16	18	170	\N	completed	17.0	95.0	100.0	2026-09-08 08:08:00	2026-09-08 09:10:00	62	83.76	flat	58.63	0.0	58.63	0	\N	8	2026-09-08 08:02:00	2026-09-08 09:12:00
496	3	11	100	\N	completed	28.5	95.0	100.0	2026-09-08 08:31:00	2026-09-08 09:31:00	60	104.11	flat	72.88	0.0	72.88	0	\N	10	2026-09-08 08:25:00	2026-09-08 09:33:00
497	5	21	187	\N	completed	19.4	95.0	68.9	2026-09-08 09:27:00	2026-09-08 10:27:00	60	49.52	flat	34.66	0.0	34.66	0	\N	4	2026-09-08 09:21:00	2026-09-08 10:29:00
498	14	14	142	\N	completed	19.9	95.0	42.2	2026-09-08 18:08:00	2026-09-08 21:40:00	212	22.31	peak	22.31	0.0	22.31	0	\N	2	2026-09-08 18:02:00	2026-09-08 21:42:00
499	15	20	184	\N	completed	13.3	95.0	100.0	2026-09-08 13:19:00	2026-09-08 14:48:00	89	116.55	flat	81.58	0.0	81.58	0	\N	11	2026-09-08 13:13:00	2026-09-08 14:50:00
500	3	15	144	\N	completed	17.9	95.0	81.3	2026-09-08 16:57:00	2026-09-08 17:45:00	48	63.42	flat	44.39	0.0	44.39	0	\N	6	2026-09-08 16:51:00	2026-09-08 17:47:00
501	3	4	39	\N	completed	10.9	95.0	23.6	2026-09-08 19:54:00	2026-09-08 21:58:00	124	12.67	peak	12.67	0.0	12.67	0	\N	1	2026-09-08 19:48:00	2026-09-08 22:00:00
502	13	12	109	\N	completed	36.8	95.0	49.4	2026-09-08 16:35:00	2026-09-08 18:44:00	129	12.63	flat	8.84	0.0	8.84	0	\N	1	2026-09-08 16:29:00	2026-09-08 18:46:00
503	5	21	188	\N	completed	27.7	95.0	100.0	2026-09-08 15:14:00	2026-09-08 16:19:00	65	121.38	flat	84.97	0.0	84.97	0	\N	12	2026-09-08 15:08:00	2026-09-08 16:21:00
504	5	24	238	\N	completed	20.9	95.0	44.4	2026-09-08 19:32:00	2026-09-08 23:40:00	248	23.54	peak	23.54	0.0	23.54	0	\N	2	2026-09-08 19:26:00	2026-09-08 23:42:00
505	8	9	85	\N	completed	15.4	95.0	40.8	2026-09-08 01:08:00	2026-09-08 05:19:00	251	25.39	valley	10.16	0.0	10.16	0	\N	2	2026-09-08 01:02:00	2026-09-08 05:21:00
506	5	25	248	\N	completed	24.6	95.0	45.1	2026-09-08 21:02:00	2026-09-09 00:33:00	211	20.5	flat	14.35	0.0	14.35	0	\N	2	2026-09-08 20:56:00	2026-09-09 00:35:00
507	12	13	120	\N	completed	37.2	95.0	100.0	2026-09-08 05:42:00	2026-09-08 06:24:00	42	69.81	valley	27.92	0.0	27.92	0	\N	6	2026-09-08 05:36:00	2026-09-08 06:26:00
508	16	24	233	\N	completed	19.7	95.0	99.3	2026-09-08 10:02:00	2026-09-08 10:44:00	42	79.56	flat	55.69	0.0	55.69	0	\N	7	2026-09-08 09:56:00	2026-09-08 10:46:00
509	17	14	141	\N	completed	15.2	95.0	34.4	2026-09-08 17:37:00	2026-09-08 20:44:00	187	19.23	peak	19.23	0.0	19.23	0	\N	1	2026-09-08 17:31:00	2026-09-08 20:46:00
510	12	4	40	\N	completed	37.2	95.0	62.4	2026-09-08 17:16:00	2026-09-08 21:28:00	252	25.18	peak	25.18	0.0	25.18	0	\N	2	2026-09-08 17:10:00	2026-09-08 21:30:00
511	12	19	177	\N	completed	28.1	95.0	90.0	2026-09-08 14:50:00	2026-09-08 16:01:00	71	61.93	flat	43.35	0.0	43.35	0	\N	6	2026-09-08 14:44:00	2026-09-08 16:03:00
512	5	23	226	\N	completed	29.3	95.0	44.6	2026-09-08 14:14:00	2026-09-08 16:56:00	162	15.34	flat	10.74	0.0	10.74	0	\N	1	2026-09-08 14:08:00	2026-09-08 16:58:00
513	12	7	61	\N	completed	19.9	95.0	100.0	2026-09-09 05:14:00	2026-09-09 06:36:00	82	141.4	valley	56.56	0.0	56.56	0	\N	14	2026-09-09 05:08:00	2026-09-09 06:38:00
514	16	12	108	\N	completed	22.3	95.0	100.0	2026-09-09 15:10:00	2026-09-09 16:27:00	77	138.15	flat	96.7	0.0	96.7	0	\N	13	2026-09-09 15:04:00	2026-09-09 16:29:00
515	6	7	69	\N	completed	27.2	95.0	53.6	2026-09-09 04:32:00	2026-09-09 09:13:00	281	26.42	valley	10.57	0.0	10.57	0	\N	2	2026-09-09 04:26:00	2026-09-09 09:15:00
516	6	28	265	\N	completed	29.1	95.0	100.0	2026-09-09 08:38:00	2026-09-09 09:43:00	65	122.9	flat	86.03	0.0	86.03	0	\N	12	2026-09-09 08:32:00	2026-09-09 09:45:00
517	3	12	111	\N	completed	36.0	95.0	61.9	2026-09-09 09:38:00	2026-09-09 13:32:00	234	25.91	flat	18.14	0.0	18.14	0	\N	2	2026-09-09 09:32:00	2026-09-09 13:34:00
518	5	10	94	\N	completed	15.0	95.0	43.5	2026-09-09 13:42:00	2026-09-09 18:21:00	279	28.53	flat	19.97	0.0	19.97	0	\N	2	2026-09-09 13:36:00	2026-09-09 18:23:00
519	3	12	118	\N	completed	10.5	95.0	31.2	2026-09-09 14:24:00	2026-09-09 18:00:00	216	20.66	flat	14.46	0.0	14.46	0	\N	2	2026-09-09 14:18:00	2026-09-09 18:02:00
520	14	8	77	\N	completed	37.0	95.0	63.5	2026-09-09 16:06:00	2026-09-09 20:41:00	275	26.52	flat	18.56	0.0	18.56	0	\N	2	2026-09-09 16:00:00	2026-09-09 20:43:00
521	17	7	61	\N	completed	37.1	95.0	100.0	2026-09-09 17:30:00	2026-09-09 18:15:00	45	80.9	peak	80.9	0.0	80.9	0	\N	8	2026-09-09 17:24:00	2026-09-09 18:17:00
522	14	28	268	\N	completed	30.9	95.0	100.0	2026-09-09 00:23:00	2026-09-09 01:29:00	66	92.19	valley	36.88	0.0	36.88	0	\N	9	2026-09-09 00:17:00	2026-09-09 01:31:00
523	13	19	180	\N	completed	32.8	95.0	61.5	2026-09-09 15:51:00	2026-09-09 20:21:00	270	28.7	flat	20.09	0.0	20.09	0	\N	2	2026-09-09 15:45:00	2026-09-09 20:23:00
524	14	7	69	\N	completed	37.3	95.0	57.0	2026-09-09 03:30:00	2026-09-09 06:35:00	185	19.75	valley	7.9	0.0	7.9	0	\N	1	2026-09-09 03:24:00	2026-09-09 06:37:00
525	14	13	132	\N	completed	33.7	95.0	51.5	2026-09-09 19:00:00	2026-09-09 21:48:00	168	17.76	peak	17.76	0.0	17.76	0	\N	1	2026-09-09 18:54:00	2026-09-09 21:50:00
526	17	1	4	\N	completed	34.1	95.0	87.3	2026-09-09 03:41:00	2026-09-09 04:45:00	64	53.17	valley	21.27	0.0	21.27	0	\N	5	2026-09-09 03:35:00	2026-09-09 04:47:00
527	1	1	1	1	completed	22.5	95.0	100.0	2026-09-09 21:25:38	2026-09-09 21:26:48	1	46.5	flat	69.75	0.0	69.75	0	\N	69	2026-09-09 20:45:00	2026-09-10 10:05:52
528	1	22	203	1	completed	20.0	80.0	24.6	2026-09-10 10:06:59	2026-09-10 10:07:01	1	2.76	flat	4.42	0.0	4.42	0	\N	4	2026-09-10 10:06:59	2026-09-10 10:07:06
