1	13	recharge	150.0	150.0	\N	余额充值	2026-08-10 15:50:00
2	13	consume	-69.58	80.42	1	充电结算	2026-08-10 16:57:00
3	8	recharge	100.0	100.0	\N	余额充值	2026-08-10 15:15:00
4	8	consume	-9.75	90.25	2	充电结算	2026-08-10 17:33:00
5	13	consume	-23.5	56.92	3	充电结算	2026-08-10 22:10:00
6	4	recharge	100.0	100.0	\N	余额充值	2026-08-10 09:28:00
7	4	consume	-11.09	88.91	4	充电结算	2026-08-10 12:00:00
8	5	recharge	100.0	100.0	\N	余额充值	2026-08-10 07:45:00
9	5	consume	-10.59	89.41	5	充电结算	2026-08-10 11:52:00
10	3	recharge	200.0	200.0	\N	余额充值	2026-08-10 17:49:00
11	3	consume	-109.57	90.43	6	充电结算	2026-08-10 19:19:00
12	16	recharge	100.0	100.0	\N	余额充值	2026-08-10 16:34:00
13	16	consume	-23.82	76.18	7	充电结算	2026-08-10 17:23:00
14	8	consume	-24.63	65.62	8	充电结算	2026-08-10 23:59:00
15	6	recharge	100.0	100.0	\N	余额充值	2026-08-10 05:57:00
16	6	consume	-27.84	72.16	9	充电结算	2026-08-10 06:45:00
17	14	recharge	100.0	100.0	\N	余额充值	2026-08-10 10:28:00
18	14	consume	-49.77	50.23	10	充电结算	2026-08-10 11:30:00
19	6	consume	-27.09	45.07	11	充电结算	2026-08-10 09:16:00
20	5	consume	-80.96	8.45	12	充电结算	2026-08-10 15:51:00
21	15	recharge	100.0	100.0	\N	余额充值	2026-08-10 00:29:00
22	15	consume	-11.26	88.74	13	充电结算	2026-08-10 05:29:00
23	10	recharge	100.0	100.0	\N	余额充值	2026-08-10 09:11:00
24	10	consume	-20.99	79.01	14	充电结算	2026-08-10 14:14:00
25	16	consume	-51.16	25.02	15	充电结算	2026-08-11 00:21:00
26	10	consume	-19.78	59.23	16	充电结算	2026-08-11 04:15:00
27	2	recharge	100.0	100.0	\N	余额充值	2026-08-10 17:44:00
28	2	consume	-20.71	79.29	17	充电结算	2026-08-10 21:04:00
29	7	recharge	100.0	100.0	\N	余额充值	2026-08-10 09:43:00
30	7	consume	-21.73	78.27	18	充电结算	2026-08-10 14:43:00
31	4	consume	-8.04	80.87	19	充电结算	2026-08-11 11:11:00
32	3	consume	-77.61	12.82	20	充电结算	2026-08-11 18:49:00
33	12	recharge	100.0	100.0	\N	余额充值	2026-08-11 18:53:00
34	12	consume	-24.33	75.67	21	充电结算	2026-08-11 23:08:00
35	16	recharge	150.0	175.02	\N	余额充值	2026-08-11 20:50:00
36	16	consume	-111.03	63.99	22	充电结算	2026-08-11 22:24:00
37	5	recharge	100.0	108.45	\N	余额充值	2026-08-11 21:41:00
38	5	consume	-21.56	86.89	23	充电结算	2026-08-12 02:41:00
39	12	consume	-21.65	54.02	24	充电结算	2026-08-11 22:43:00
40	9	recharge	100.0	100.0	\N	余额充值	2026-08-11 10:18:00
41	9	consume	-18.86	81.14	25	充电结算	2026-08-11 15:08:00
42	11	recharge	100.0	100.0	\N	余额充值	2026-08-11 01:59:00
43	11	consume	-11.91	88.09	26	充电结算	2026-08-11 06:51:00
44	14	recharge	100.0	150.23	\N	余额充值	2026-08-11 16:57:00
45	14	consume	-67.82	82.41	27	充电结算	2026-08-11 17:52:00
46	4	recharge	100.0	180.87	\N	余额充值	2026-08-11 14:03:00
47	4	consume	-88.92	91.95	28	充电结算	2026-08-11 15:24:00
48	14	consume	-37.65	44.76	29	充电结算	2026-08-11 22:49:00
49	9	recharge	100.0	181.14	\N	余额充值	2026-08-11 11:18:00
50	9	consume	-97.92	83.22	30	充电结算	2026-08-11 12:49:00
51	12	recharge	100.0	154.02	\N	余额充值	2026-08-11 08:18:00
52	12	consume	-76.84	77.18	31	充电结算	2026-08-11 09:48:00
53	13	consume	-12.93	43.99	32	充电结算	2026-08-11 12:57:00
54	7	consume	-5.24	73.03	33	充电结算	2026-08-11 09:04:00
55	7	recharge	100.0	173.03	\N	余额充值	2026-08-11 18:30:00
56	7	consume	-109.7	63.33	34	充电结算	2026-08-11 20:05:00
57	11	recharge	100.0	188.09	\N	余额充值	2026-08-11 19:52:00
58	11	consume	-120.07	68.02	35	充电结算	2026-08-11 21:29:00
59	5	consume	-48.58	38.31	36	充电结算	2026-08-11 23:49:00
60	1	recharge	100.0	100.0	\N	余额充值	2026-08-11 02:45:00
61	1	consume	-45.13	54.87	37	充电结算	2026-08-11 04:22:00
62	2	consume	-8.66	70.63	38	充电结算	2026-08-11 11:22:00
63	12	consume	-19.21	57.97	39	充电结算	2026-08-11 16:39:00
64	17	recharge	100.0	100.0	\N	余额充值	2026-08-11 16:36:00
65	17	consume	-18.28	81.72	40	充电结算	2026-08-11 20:40:00
66	14	consume	-26.77	17.99	41	充电结算	2026-08-12 23:52:00
67	5	consume	-34.32	3.99	42	充电结算	2026-08-12 07:07:00
68	13	consume	-19.93	24.06	43	充电结算	2026-08-12 20:46:00
69	4	recharge	100.0	191.95	\N	余额充值	2026-08-12 18:50:00
70	4	consume	-107.36	84.59	44	充电结算	2026-08-12 20:23:00
71	11	recharge	100.0	168.02	\N	余额充值	2026-08-12 08:21:00
72	11	consume	-82.76	85.26	45	充电结算	2026-08-12 09:33:00
73	9	consume	-32.19	51.03	46	充电结算	2026-08-12 10:34:00
74	3	recharge	150.0	162.82	\N	余额充值	2026-08-12 18:42:00
75	3	consume	-62.85	99.97	47	充电结算	2026-08-12 19:35:00
76	11	consume	-64.52	20.74	48	充电结算	2026-08-12 16:30:00
77	2	consume	-19.01	51.62	49	充电结算	2026-08-12 15:54:00
78	16	consume	-11.12	52.87	50	充电结算	2026-08-12 10:51:00
79	8	consume	-28.31	37.31	51	充电结算	2026-08-12 23:14:00
80	1	consume	-36.2	18.67	52	充电结算	2026-08-12 16:54:00
81	12	consume	-41.9	16.07	53	充电结算	2026-08-12 21:48:00
82	1	consume	-10.19	8.48	54	充电结算	2026-08-12 10:30:00
83	10	consume	-47.5	11.73	55	充电结算	2026-08-12 09:07:00
84	2	consume	-41.01	10.61	56	充电结算	2026-08-12 08:27:00
85	9	consume	-17.46	33.57	57	充电结算	2026-08-12 16:20:00
86	16	recharge	100.0	152.87	\N	余额充值	2026-08-12 17:14:00
87	16	consume	-99.24	53.63	58	充电结算	2026-08-12 18:43:00
88	1	recharge	100.0	108.48	\N	余额充值	2026-08-12 16:08:00
89	1	consume	-56.69	51.79	59	充电结算	2026-08-12 17:14:00
90	1	consume	-15.39	36.4	60	充电结算	2026-08-13 13:03:00
91	12	recharge	150.0	166.07	\N	余额充值	2026-08-13 08:50:00
92	12	consume	-82.93	83.14	61	充电结算	2026-08-13 10:02:00
93	3	consume	-70.71	29.26	62	充电结算	2026-08-13 14:45:00
94	4	consume	-23.7	60.89	63	充电结算	2026-08-13 12:03:00
95	12	consume	-76.53	6.61	64	充电结算	2026-08-13 15:03:00
96	3	recharge	100.0	129.26	\N	余额充值	2026-08-13 11:42:00
97	3	consume	-52.72	76.54	65	充电结算	2026-08-13 12:48:00
98	17	consume	-48.42	33.3	66	充电结算	2026-08-13 08:47:00
99	5	recharge	100.0	103.99	\N	余额充值	2026-08-13 09:04:00
100	5	consume	-53.99	50.0	67	充电结算	2026-08-13 09:57:00
101	3	consume	-62.24	14.3	68	充电结算	2026-08-13 09:11:00
102	15	consume	-26.87	61.87	69	充电结算	2026-08-13 23:02:00
103	10	recharge	100.0	111.73	\N	余额充值	2026-08-13 11:58:00
104	10	consume	-18.87	92.86	70	充电结算	2026-08-13 16:36:00
105	2	recharge	100.0	110.61	\N	余额充值	2026-08-13 13:48:00
106	2	consume	-14.73	95.88	71	充电结算	2026-08-13 17:29:00
107	3	recharge	100.0	114.3	\N	余额充值	2026-08-13 22:24:00
108	3	consume	-59.61	54.69	72	充电结算	2026-08-13 23:35:00
109	2	consume	-94.42	1.46	73	充电结算	2026-08-13 18:59:00
110	2	recharge	100.0	101.46	\N	余额充值	2026-08-13 14:46:00
111	2	consume	-45.16	56.3	74	充电结算	2026-08-13 15:39:00
112	17	recharge	100.0	133.3	\N	余额充值	2026-08-13 17:10:00
113	17	consume	-76.12	57.18	75	充电结算	2026-08-13 17:59:00
114	6	consume	-37.15	7.92	76	充电结算	2026-08-13 16:03:00
115	2	consume	-9.04	47.26	77	充电结算	2026-08-13 11:39:00
116	5	recharge	100.0	150.0	\N	余额充值	2026-08-14 08:32:00
117	5	consume	-56.67	93.33	78	充电结算	2026-08-14 09:24:00
118	13	consume	-20.89	3.17	79	充电结算	2026-08-14 14:19:00
119	11	recharge	100.0	120.74	\N	余额充值	2026-08-14 10:39:00
120	11	consume	-21.97	98.77	80	充电结算	2026-08-14 15:37:00
121	17	consume	-28.71	28.47	81	充电结算	2026-08-14 22:29:00
122	6	recharge	100.0	107.92	\N	余额充值	2026-08-14 10:44:00
123	6	consume	-14.76	93.16	82	充电结算	2026-08-14 14:18:00
124	3	consume	-47.31	7.38	83	充电结算	2026-08-14 08:38:00
125	17	recharge	100.0	128.47	\N	余额充值	2026-08-14 17:16:00
126	17	consume	-31.41	97.06	84	充电结算	2026-08-14 22:12:00
127	5	consume	-64.54	28.79	85	充电结算	2026-08-14 17:46:00
128	15	recharge	150.0	211.87	\N	余额充值	2026-08-14 20:18:00
129	15	consume	-118.99	92.88	86	充电结算	2026-08-14 21:31:00
130	10	consume	-63.19	29.67	87	充电结算	2026-08-14 13:30:00
131	7	recharge	150.0	213.33	\N	余额充值	2026-08-14 18:31:00
132	7	consume	-157.31	56.02	88	充电结算	2026-08-14 20:01:00
133	13	recharge	150.0	153.17	\N	余额充值	2026-08-14 08:21:00
134	13	consume	-96.57	56.6	89	充电结算	2026-08-14 09:41:00
135	5	consume	-13.53	15.26	90	充电结算	2026-08-14 20:56:00
136	17	consume	-79.56	17.5	91	充电结算	2026-08-14 21:05:00
137	5	recharge	100.0	115.26	\N	余额充值	2026-08-14 20:53:00
138	5	consume	-37.5	77.76	92	充电结算	2026-08-14 21:45:00
139	1	consume	-9.51	26.89	93	充电结算	2026-08-14 11:40:00
140	12	recharge	100.0	106.61	\N	余额充值	2026-08-14 23:15:00
141	12	consume	-9.74	96.87	94	充电结算	2026-08-15 01:29:00
142	5	consume	-9.88	67.88	95	充电结算	2026-08-14 18:29:00
143	16	recharge	150.0	203.63	\N	余额充值	2026-08-15 17:55:00
144	16	consume	-147.87	55.76	96	充电结算	2026-08-15 19:21:00
145	5	recharge	100.0	167.88	\N	余额充值	2026-08-15 08:33:00
146	5	consume	-105.85	62.03	97	充电结算	2026-08-15 10:06:00
147	10	recharge	100.0	129.67	\N	余额充值	2026-08-15 09:10:00
148	10	consume	-38.96	90.71	98	充电结算	2026-08-15 10:00:00
149	4	consume	-17.82	43.07	99	充电结算	2026-08-15 18:08:00
150	5	consume	-16.69	45.34	100	充电结算	2026-08-15 11:51:00
151	3	recharge	150.0	157.38	\N	余额充值	2026-08-15 10:59:00
152	3	consume	-83.17	74.21	101	充电结算	2026-08-15 12:09:00
153	17	recharge	100.0	117.5	\N	余额充值	2026-08-15 18:19:00
154	17	consume	-57.26	60.24	102	充电结算	2026-08-15 19:07:00
155	12	consume	-9.3	87.57	103	充电结算	2026-08-15 12:28:00
156	4	recharge	100.0	143.07	\N	余额充值	2026-08-15 16:57:00
157	4	consume	-81.87	61.2	104	充电结算	2026-08-15 17:52:00
158	15	recharge	100.0	192.88	\N	余额充值	2026-08-15 16:06:00
159	15	consume	-103.24	89.64	105	充电结算	2026-08-15 17:33:00
160	15	consume	-18.35	71.29	106	充电结算	2026-08-15 21:29:00
161	10	consume	-15.91	74.8	107	充电结算	2026-08-16 13:35:00
162	7	recharge	150.0	206.02	\N	余额充值	2026-08-16 18:50:00
163	7	consume	-113.72	92.3	108	充电结算	2026-08-16 19:59:00
164	4	recharge	100.0	161.2	\N	余额充值	2026-08-16 09:51:00
165	4	consume	-80.67	80.53	109	充电结算	2026-08-16 11:05:00
166	11	consume	-17.64	81.13	110	充电结算	2026-08-17 01:53:00
167	3	consume	-10.18	64.03	111	充电结算	2026-08-16 16:49:00
168	11	consume	-28.32	52.81	112	充电结算	2026-08-16 16:07:00
169	14	recharge	100.0	117.99	\N	余额充值	2026-08-16 16:23:00
170	14	consume	-20.61	97.38	113	充电结算	2026-08-16 21:26:00
171	12	consume	-80.97	6.6	114	充电结算	2026-08-16 20:39:00
172	13	consume	-26.28	30.32	115	充电结算	2026-08-16 08:05:00
173	15	consume	-32.08	39.21	116	充电结算	2026-08-16 03:54:00
174	2	recharge	150.0	197.26	\N	余额充值	2026-08-17 10:23:00
175	2	consume	-109.5	87.76	117	充电结算	2026-08-17 11:53:00
176	5	consume	-21.05	24.29	118	充电结算	2026-08-17 22:00:00
177	1	consume	-17.31	9.58	119	充电结算	2026-08-18 01:42:00
178	9	consume	-31.27	2.3	120	充电结算	2026-08-17 09:34:00
179	4	consume	-9.31	71.22	121	充电结算	2026-08-17 16:48:00
180	11	recharge	100.0	152.81	\N	余额充值	2026-08-17 22:59:00
181	11	consume	-78.76	74.05	122	充电结算	2026-08-18 00:31:00
182	6	consume	-55.21	37.95	123	充电结算	2026-08-17 10:55:00
183	5	recharge	150.0	174.29	\N	余额充值	2026-08-17 08:26:00
184	5	consume	-75.97	98.32	124	充电结算	2026-08-17 10:03:00
185	5	consume	-26.48	71.84	125	充电结算	2026-08-17 11:05:00
186	14	consume	-17.86	79.52	126	充电结算	2026-08-17 17:33:00
187	15	recharge	100.0	139.21	\N	余额充值	2026-08-17 06:03:00
188	15	consume	-46.21	93.0	127	充电结算	2026-08-17 07:12:00
189	6	consume	-17.59	20.36	128	充电结算	2026-08-17 20:24:00
190	5	consume	-6.41	65.43	129	充电结算	2026-08-17 09:54:00
191	17	consume	-26.13	34.11	130	充电结算	2026-08-17 10:03:00
192	10	consume	-10.46	64.34	131	充电结算	2026-08-17 10:57:00
193	6	consume	-19.91	0.45	132	充电结算	2026-08-17 20:28:00
194	9	recharge	150.0	152.3	\N	余额充值	2026-08-17 04:31:00
195	9	consume	-61.41	90.89	133	充电结算	2026-08-17 06:07:00
196	10	consume	-18.27	46.07	134	充电结算	2026-08-17 18:20:00
197	2	consume	-62.31	25.45	135	充电结算	2026-08-18 13:36:00
198	11	consume	-13.92	60.13	136	充电结算	2026-08-18 19:55:00
199	11	consume	-40.58	19.55	137	充电结算	2026-08-18 16:18:00
200	10	consume	-10.82	35.25	138	充电结算	2026-08-18 11:05:00
201	11	recharge	100.0	119.55	\N	余额充值	2026-08-18 07:43:00
202	11	consume	-25.7	93.85	139	充电结算	2026-08-18 08:42:00
203	10	consume	-9.61	25.64	140	充电结算	2026-08-18 15:12:00
204	7	consume	-50.7	41.6	141	充电结算	2026-08-18 21:48:00
205	16	recharge	150.0	205.76	\N	余额充值	2026-08-18 18:55:00
206	16	consume	-137.21	68.55	142	充电结算	2026-08-18 20:16:00
207	12	recharge	150.0	156.6	\N	余额充值	2026-08-18 18:57:00
208	12	consume	-81.28	75.32	143	充电结算	2026-08-18 20:07:00
209	10	consume	-15.44	10.2	144	充电结算	2026-08-18 12:12:00
210	4	consume	-14.38	56.84	145	充电结算	2026-08-18 20:51:00
211	12	consume	-63.8	11.52	146	充电结算	2026-08-18 16:32:00
212	5	consume	-48.64	16.79	147	充电结算	2026-08-18 05:45:00
213	11	consume	-12.47	81.38	148	充电结算	2026-08-18 17:08:00
214	11	consume	-66.04	15.34	149	充电结算	2026-08-18 10:48:00
215	1	recharge	150.0	159.58	\N	余额充值	2026-08-18 13:38:00
216	1	consume	-69.73	89.85	150	充电结算	2026-08-18 14:46:00
217	1	consume	-35.97	53.88	151	充电结算	2026-08-18 10:39:00
218	2	recharge	100.0	125.45	\N	余额充值	2026-08-18 16:28:00
219	2	consume	-62.61	62.84	152	充电结算	2026-08-18 17:25:00
220	8	recharge	100.0	137.31	\N	余额充值	2026-08-19 10:39:00
221	8	consume	-86.88	50.43	153	充电结算	2026-08-19 12:02:00
222	5	recharge	100.0	116.79	\N	余额充值	2026-08-19 09:08:00
223	5	consume	-20.82	95.97	154	充电结算	2026-08-19 14:11:00
224	2	consume	-25.99	36.85	155	充电结算	2026-08-20 00:27:00
225	13	recharge	100.0	130.32	\N	余额充值	2026-08-19 13:24:00
226	13	consume	-50.17	80.15	156	充电结算	2026-08-19 14:22:00
227	9	consume	-11.62	79.27	157	充电结算	2026-08-19 12:06:00
228	10	recharge	100.0	110.2	\N	余额充值	2026-08-19 21:08:00
229	10	consume	-22.13	88.07	158	充电结算	2026-08-20 02:15:00
230	9	consume	-11.12	68.15	159	充电结算	2026-08-19 16:09:00
231	12	recharge	100.0	111.52	\N	余额充值	2026-08-19 21:57:00
232	12	consume	-51.34	60.18	160	充电结算	2026-08-19 23:02:00
233	15	consume	-16.41	76.59	161	充电结算	2026-08-19 13:17:00
234	9	consume	-15.63	52.52	162	充电结算	2026-08-19 23:08:00
235	17	consume	-10.67	23.44	163	充电结算	2026-08-19 09:59:00
236	4	consume	-13.36	43.48	164	充电结算	2026-08-19 19:38:00
237	16	recharge	100.0	168.55	\N	余额充值	2026-08-19 16:07:00
238	16	consume	-103.58	64.97	165	充电结算	2026-08-19 17:35:00
239	2	recharge	150.0	186.85	\N	余额充值	2026-08-19 08:31:00
240	2	consume	-94.67	92.18	166	充电结算	2026-08-19 09:59:00
241	2	consume	-61.09	31.09	167	充电结算	2026-08-19 21:04:00
242	13	consume	-27.92	52.23	168	充电结算	2026-08-19 04:52:00
243	2	recharge	100.0	131.09	\N	余额充值	2026-08-19 09:31:00
244	2	consume	-73.55	57.54	169	充电结算	2026-08-19 10:37:00
245	15	consume	-19.36	57.23	170	充电结算	2026-08-19 13:47:00
246	9	consume	-27.12	25.4	171	充电结算	2026-08-19 15:10:00
247	6	recharge	100.0	100.45	\N	余额充值	2026-08-19 08:45:00
248	6	consume	-14.2	86.25	172	充电结算	2026-08-19 12:18:00
249	13	consume	-16.67	35.56	173	充电结算	2026-08-19 12:33:00
250	5	consume	-40.18	55.79	174	充电结算	2026-08-19 09:01:00
251	9	recharge	100.0	125.4	\N	余额充值	2026-08-20 12:32:00
252	9	consume	-56.28	69.12	175	充电结算	2026-08-20 13:38:00
253	8	consume	-29.43	21.0	176	充电结算	2026-08-20 21:59:00
254	10	recharge	150.0	238.07	\N	余额充值	2026-08-20 17:53:00
255	10	consume	-150.58	87.49	177	充电结算	2026-08-20 19:20:00
256	5	recharge	100.0	155.79	\N	余额充值	2026-08-20 08:24:00
257	5	consume	-62.57	93.22	178	充电结算	2026-08-20 09:20:00
258	16	recharge	100.0	164.97	\N	余额充值	2026-08-20 11:47:00
259	16	consume	-71.7	93.27	179	充电结算	2026-08-20 13:16:00
260	3	recharge	100.0	164.03	\N	余额充值	2026-08-20 18:28:00
261	3	consume	-92.37	71.66	180	充电结算	2026-08-20 19:43:00
262	2	recharge	100.0	157.54	\N	余额充值	2026-08-20 15:07:00
263	2	consume	-89.3	68.24	181	充电结算	2026-08-20 16:26:00
264	17	consume	-10.11	13.33	182	充电结算	2026-08-20 12:14:00
265	17	recharge	100.0	113.33	\N	余额充值	2026-08-20 06:24:00
266	17	consume	-14.1	99.23	183	充电结算	2026-08-20 07:14:00
267	15	consume	-51.74	5.49	184	充电结算	2026-08-20 16:29:00
268	3	consume	-60.64	11.02	185	充电结算	2026-08-20 18:31:00
269	3	recharge	100.0	111.02	\N	余额充值	2026-08-20 05:13:00
270	3	consume	-14.47	96.55	186	充电结算	2026-08-20 06:02:00
271	14	consume	-59.55	19.97	187	充电结算	2026-08-20 19:34:00
272	5	consume	-11.63	81.59	188	充电结算	2026-08-20 12:43:00
273	8	recharge	100.0	121.0	\N	余额充值	2026-08-20 06:56:00
274	8	consume	-66.65	54.35	189	充电结算	2026-08-20 08:31:00
275	14	recharge	100.0	119.97	\N	余额充值	2026-08-20 17:47:00
276	14	consume	-21.13	98.84	190	充电结算	2026-08-20 21:31:00
277	7	consume	-5.37	36.23	191	充电结算	2026-08-20 10:01:00
278	3	consume	-47.33	49.22	192	充电结算	2026-08-21 09:22:00
279	8	recharge	150.0	204.35	\N	余额充值	2026-08-21 19:23:00
280	8	consume	-108.57	95.78	193	充电结算	2026-08-21 20:35:00
281	2	consume	-24.16	44.08	194	充电结算	2026-08-21 23:28:00
282	11	recharge	100.0	115.34	\N	余额充值	2026-08-21 16:51:00
283	11	consume	-50.89	64.45	195	充电结算	2026-08-21 17:57:00
284	10	consume	-10.39	77.1	196	充电结算	2026-08-21 10:52:00
285	14	recharge	100.0	198.84	\N	余额充值	2026-08-21 19:58:00
286	14	consume	-100.73	98.11	197	充电结算	2026-08-21 21:16:00
287	17	consume	-29.94	69.29	198	充电结算	2026-08-21 22:26:00
288	16	consume	-20.06	73.21	199	充电结算	2026-08-21 08:15:00
289	2	consume	-16.23	27.85	200	充电结算	2026-08-21 17:13:00
290	7	recharge	100.0	136.23	\N	余额充值	2026-08-21 08:00:00
291	7	consume	-79.81	56.42	201	充电结算	2026-08-21 09:28:00
292	7	consume	-41.09	15.33	202	充电结算	2026-08-21 07:23:00
293	7	recharge	100.0	115.33	\N	余额充值	2026-08-21 19:25:00
294	7	consume	-16.97	98.36	203	充电结算	2026-08-21 22:27:00
295	1	consume	-11.21	42.67	204	充电结算	2026-08-21 12:37:00
296	8	consume	-57.05	38.73	205	充电结算	2026-08-21 15:05:00
297	15	recharge	100.0	105.49	\N	余额充值	2026-08-21 08:17:00
298	15	consume	-19.77	85.72	206	充电结算	2026-08-21 13:10:00
299	15	recharge	100.0	185.72	\N	余额充值	2026-08-21 19:25:00
300	15	consume	-117.94	67.78	207	充电结算	2026-08-21 20:58:00
301	14	consume	-44.32	53.79	208	充电结算	2026-08-22 12:13:00
302	14	consume	-43.71	10.08	209	充电结算	2026-08-22 09:03:00
303	16	recharge	100.0	173.21	\N	余额充值	2026-08-22 18:38:00
304	16	consume	-103.35	69.86	210	充电结算	2026-08-22 20:06:00
305	16	consume	-12.24	57.62	211	充电结算	2026-08-22 17:31:00
306	16	consume	-28.4	29.22	212	充电结算	2026-08-22 22:01:00
307	3	recharge	150.0	199.22	\N	余额充值	2026-08-22 17:55:00
308	3	consume	-113.77	85.45	213	充电结算	2026-08-22 19:30:00
309	5	consume	-64.43	17.16	214	充电结算	2026-08-22 09:27:00
310	16	consume	-8.91	20.31	215	充电结算	2026-08-22 18:06:00
311	9	consume	-30.46	38.66	216	充电结算	2026-08-22 02:01:00
312	6	consume	-39.72	46.53	217	充电结算	2026-08-22 13:21:00
313	12	recharge	100.0	160.18	\N	余额充值	2026-08-22 15:20:00
314	12	consume	-76.72	83.46	218	充电结算	2026-08-22 16:57:00
315	8	recharge	150.0	188.73	\N	余额充值	2026-08-23 15:47:00
316	8	consume	-107.74	80.99	219	充电结算	2026-08-23 17:17:00
317	2	consume	-22.29	5.56	220	充电结算	2026-08-23 23:09:00
318	6	consume	-42.99	3.54	221	充电结算	2026-08-23 18:07:00
319	4	consume	-8.83	34.65	222	充电结算	2026-08-23 17:26:00
320	16	consume	-12.4	7.91	223	充电结算	2026-08-23 22:12:00
321	2	recharge	200.0	205.56	\N	余额充值	2026-08-23 18:56:00
322	2	consume	-113.31	92.25	224	充电结算	2026-08-23 20:03:00
323	13	consume	-20.23	15.33	225	充电结算	2026-08-23 20:28:00
324	11	consume	-17.15	47.3	226	充电结算	2026-08-23 22:27:00
325	12	consume	-53.76	29.7	227	充电结算	2026-08-23 15:15:00
326	13	recharge	100.0	115.33	\N	余额充值	2026-08-23 16:35:00
327	13	consume	-48.27	67.06	228	充电结算	2026-08-23 17:23:00
328	12	recharge	100.0	129.7	\N	余额充值	2026-08-23 14:22:00
329	12	consume	-55.63	74.07	229	充电结算	2026-08-23 15:33:00
330	10	consume	-9.47	67.63	230	充电结算	2026-08-23 12:25:00
331	5	recharge	100.0	117.16	\N	余额充值	2026-08-23 18:18:00
332	5	consume	-19.13	98.03	231	充电结算	2026-08-23 21:46:00
333	9	consume	-27.82	10.84	232	充电结算	2026-08-24 12:55:00
334	14	recharge	100.0	110.08	\N	余额充值	2026-08-24 15:00:00
335	14	consume	-24.49	85.59	233	充电结算	2026-08-24 15:48:00
336	11	consume	-8.66	38.64	234	充电结算	2026-08-24 18:23:00
337	8	consume	-42.86	38.13	235	充电结算	2026-08-24 18:35:00
338	16	recharge	100.0	107.91	\N	余额充值	2026-08-24 09:05:00
339	16	consume	-39.97	67.94	236	充电结算	2026-08-24 09:56:00
340	3	consume	-13.64	71.81	237	充电结算	2026-08-24 16:21:00
341	15	consume	-40.37	27.41	238	充电结算	2026-08-24 17:09:00
342	13	recharge	100.0	167.06	\N	余额充值	2026-08-24 19:16:00
343	13	consume	-88.19	78.87	239	充电结算	2026-08-24 20:31:00
344	5	consume	-79.13	18.9	240	充电结算	2026-08-24 17:40:00
345	13	consume	-14.33	64.54	241	充电结算	2026-08-24 13:03:00
346	8	recharge	100.0	138.13	\N	余额充值	2026-08-24 16:12:00
347	8	consume	-61.99	76.14	242	充电结算	2026-08-24 17:23:00
348	7	consume	-7.09	91.27	243	充电结算	2026-08-24 10:31:00
349	7	recharge	100.0	191.27	\N	余额充值	2026-08-24 17:48:00
350	7	consume	-104.86	86.41	244	充电结算	2026-08-24 18:53:00
351	14	consume	-15.29	70.3	245	充电结算	2026-08-24 21:17:00
352	14	consume	-6.11	64.19	246	充电结算	2026-08-24 09:48:00
353	17	consume	-19.43	49.86	247	充电结算	2026-08-24 15:23:00
354	3	consume	-19.21	52.6	248	充电结算	2026-08-24 22:47:00
355	13	recharge	100.0	164.54	\N	余额充值	2026-08-24 16:22:00
356	13	consume	-77.11	87.43	249	充电结算	2026-08-24 17:59:00
357	17	consume	-19.4	30.46	250	充电结算	2026-08-25 19:14:00
358	17	consume	-14.82	15.64	251	充电结算	2026-08-25 13:31:00
359	3	recharge	150.0	202.6	\N	余额充值	2026-08-25 20:04:00
360	3	consume	-109.94	92.66	252	充电结算	2026-08-25 21:37:00
361	17	recharge	100.0	115.64	\N	余额充值	2026-08-25 18:25:00
362	17	consume	-19.86	95.78	253	充电结算	2026-08-25 22:01:00
363	3	consume	-53.31	39.35	254	充电结算	2026-08-25 13:35:00
364	4	consume	-12.28	22.37	255	充电结算	2026-08-25 12:37:00
365	15	recharge	100.0	127.41	\N	余额充值	2026-08-25 15:35:00
366	15	consume	-75.32	52.09	256	充电结算	2026-08-25 16:47:00
367	1	consume	-16.59	26.08	257	充电结算	2026-08-25 16:34:00
368	9	recharge	100.0	110.84	\N	余额充值	2026-08-25 08:01:00
369	9	consume	-48.94	61.9	258	充电结算	2026-08-25 09:24:00
370	7	consume	-10.96	75.45	259	充电结算	2026-08-25 12:47:00
371	11	consume	-20.02	18.62	260	充电结算	2026-08-26 02:03:00
372	6	recharge	150.0	153.54	\N	余额充值	2026-08-25 19:32:00
373	6	consume	-64.2	89.34	261	充电结算	2026-08-25 20:58:00
374	10	consume	-27.66	39.97	262	充电结算	2026-08-25 08:16:00
375	5	consume	-16.25	2.65	263	充电结算	2026-08-25 15:01:00
376	6	consume	-63.25	26.09	264	充电结算	2026-08-25 21:23:00
377	2	consume	-49.23	43.02	265	充电结算	2026-08-25 20:13:00
378	17	consume	-60.55	35.23	266	充电结算	2026-08-25 22:51:00
379	3	recharge	100.0	139.35	\N	余额充值	2026-08-26 14:43:00
380	3	consume	-52.49	86.86	267	充电结算	2026-08-26 16:20:00
381	10	consume	-17.64	22.33	268	充电结算	2026-08-26 12:35:00
382	4	recharge	100.0	122.37	\N	余额充值	2026-08-26 15:44:00
383	4	consume	-70.34	52.03	269	充电结算	2026-08-26 16:48:00
384	2	consume	-20.06	22.96	270	充电结算	2026-08-26 19:34:00
385	8	consume	-35.26	40.88	271	充电结算	2026-08-26 19:12:00
386	4	consume	-28.96	23.07	272	充电结算	2026-08-26 07:46:00
387	14	consume	-29.66	34.53	273	充电结算	2026-08-26 23:47:00
388	12	consume	-19.63	54.44	274	充电结算	2026-08-26 21:51:00
389	10	recharge	150.0	172.33	\N	余额充值	2026-08-26 17:52:00
390	10	consume	-97.4	74.93	275	充电结算	2026-08-26 19:11:00
391	14	consume	-13.94	20.59	276	充电结算	2026-08-27 01:07:00
392	5	recharge	100.0	102.65	\N	余额充值	2026-08-26 07:43:00
393	5	consume	-7.91	94.74	277	充电结算	2026-08-26 10:53:00
394	9	consume	-8.18	53.72	278	充电结算	2026-08-26 11:06:00
395	13	consume	-20.96	66.47	279	充电结算	2026-08-26 21:57:00
396	11	recharge	150.0	168.62	\N	余额充值	2026-08-26 21:49:00
397	11	consume	-113.37	55.25	280	充电结算	2026-08-26 23:25:00
398	12	consume	-54.16	0.28	281	充电结算	2026-08-26 15:06:00
399	16	consume	-50.55	17.39	282	充电结算	2026-08-26 19:55:00
400	16	recharge	100.0	117.39	\N	余额充值	2026-08-26 07:43:00
401	16	consume	-40.2	77.19	283	充电结算	2026-08-26 09:13:00
402	15	consume	-16.36	35.73	284	充电结算	2026-08-26 21:32:00
403	14	recharge	100.0	120.59	\N	余额充值	2026-08-26 00:53:00
404	14	consume	-55.09	65.5	285	充电结算	2026-08-26 02:24:00
405	9	consume	-28.04	25.68	286	充电结算	2026-08-28 00:12:00
406	6	recharge	150.0	176.09	\N	余额充值	2026-08-27 20:35:00
407	6	consume	-109.96	66.13	287	充电结算	2026-08-27 21:47:00
408	3	consume	-8.54	78.32	288	充电结算	2026-08-27 10:15:00
409	15	recharge	100.0	135.73	\N	余额充值	2026-08-27 08:39:00
410	15	consume	-47.68	88.05	289	充电结算	2026-08-27 09:26:00
411	5	consume	-75.46	19.28	290	充电结算	2026-08-27 20:00:00
412	11	consume	-40.47	14.78	291	充电结算	2026-08-27 07:09:00
413	5	recharge	150.0	169.28	\N	余额充值	2026-08-27 19:31:00
414	5	consume	-87.74	81.54	292	充电结算	2026-08-27 20:51:00
415	7	consume	-16.59	58.86	293	充电结算	2026-08-27 16:26:00
416	4	consume	-6.41	16.66	294	充电结算	2026-08-27 09:10:00
417	5	consume	-12.61	68.93	295	充电结算	2026-08-27 15:53:00
418	10	consume	-48.52	26.41	296	充电结算	2026-08-27 18:20:00
419	13	recharge	100.0	166.47	\N	余额充值	2026-08-27 13:58:00
420	13	consume	-78.04	88.43	297	充电结算	2026-08-27 15:26:00
421	13	consume	-13.24	75.19	298	充电结算	2026-08-27 11:34:00
422	1	consume	-20.12	5.96	299	充电结算	2026-08-27 22:31:00
423	6	consume	-49.99	16.14	300	充电结算	2026-08-27 12:35:00
424	2	consume	-15.21	7.75	301	充电结算	2026-08-27 12:15:00
425	14	consume	-59.43	6.07	302	充电结算	2026-08-27 19:27:00
426	3	consume	-6.61	71.71	303	充电结算	2026-08-28 09:45:00
427	3	recharge	100.0	171.71	\N	余额充值	2026-08-28 16:22:00
428	3	consume	-80.22	91.49	304	充电结算	2026-08-28 17:53:00
429	3	consume	-25.15	66.34	305	充电结算	2026-08-28 06:18:00
430	6	recharge	100.0	116.14	\N	余额充值	2026-08-28 17:40:00
431	6	consume	-32.82	83.32	306	充电结算	2026-08-28 18:27:00
432	12	recharge	150.0	150.28	\N	余额充值	2026-08-28 14:45:00
433	12	consume	-70.78	79.5	307	充电结算	2026-08-28 16:05:00
434	9	recharge	150.0	175.68	\N	余额充值	2026-08-28 10:52:00
435	9	consume	-100.23	75.45	308	充电结算	2026-08-28 12:28:00
436	3	consume	-53.2	13.14	309	充电结算	2026-08-28 10:03:00
437	2	recharge	100.0	107.75	\N	余额充值	2026-08-28 14:05:00
438	2	consume	-18.51	89.24	310	充电结算	2026-08-28 18:37:00
439	4	consume	-9.41	7.25	311	充电结算	2026-08-28 10:12:00
440	16	consume	-36.85	40.34	312	充电结算	2026-08-28 10:04:00
441	14	recharge	100.0	106.07	\N	余额充值	2026-08-28 19:10:00
442	14	consume	-20.32	85.75	313	充电结算	2026-08-28 22:39:00
443	3	recharge	100.0	113.14	\N	余额充值	2026-08-28 08:27:00
444	3	consume	-44.46	68.68	314	充电结算	2026-08-28 09:21:00
445	17	recharge	100.0	135.23	\N	余额充值	2026-08-28 07:59:00
446	17	consume	-42.38	92.85	315	充电结算	2026-08-28 09:11:00
447	10	recharge	150.0	176.41	\N	余额充值	2026-08-28 18:30:00
448	10	consume	-78.17	98.24	316	充电结算	2026-08-28 19:22:00
449	10	consume	-17.28	80.96	317	充电结算	2026-08-28 13:23:00
450	7	consume	-17.01	41.85	318	充电结算	2026-08-28 21:13:00
451	12	consume	-78.04	1.46	319	充电结算	2026-08-28 09:03:00
452	10	consume	-50.22	30.74	320	充电结算	2026-08-28 18:28:00
453	5	consume	-44.33	24.6	321	充电结算	2026-08-29 22:49:00
454	12	recharge	100.0	101.46	\N	余额充值	2026-08-29 14:32:00
455	12	consume	-9.38	92.08	322	充电结算	2026-08-29 17:00:00
456	3	consume	-25.46	43.22	323	充电结算	2026-08-29 22:35:00
457	11	recharge	100.0	114.78	\N	余额充值	2026-08-29 08:48:00
458	11	consume	-22.22	92.56	324	充电结算	2026-08-29 13:54:00
459	3	recharge	100.0	143.22	\N	余额充值	2026-08-29 08:44:00
460	3	consume	-61.52	81.7	325	充电结算	2026-08-29 09:39:00
461	15	consume	-7.64	80.41	326	充电结算	2026-08-29 09:48:00
462	15	consume	-64.02	16.39	327	充电结算	2026-08-29 19:27:00
463	10	consume	-18.96	11.78	328	充电结算	2026-08-29 21:50:00
464	12	recharge	100.0	192.08	\N	余额充值	2026-08-29 16:58:00
465	12	consume	-97.37	94.71	329	充电结算	2026-08-29 18:17:00
466	1	recharge	100.0	105.96	\N	余额充值	2026-08-29 23:30:00
467	1	consume	-43.42	62.54	330	充电结算	2026-08-30 00:45:00
468	5	consume	-22.19	2.41	331	充电结算	2026-08-30 06:45:00
469	13	consume	-46.84	28.35	332	充电结算	2026-08-30 09:05:00
470	3	consume	-10.39	71.31	333	充电结算	2026-08-30 18:30:00
471	11	consume	-20.35	72.21	334	充电结算	2026-08-30 08:13:00
472	13	consume	-9.36	18.99	335	充电结算	2026-08-30 14:33:00
473	6	consume	-14.55	68.77	336	充电结算	2026-08-30 11:41:00
474	8	recharge	100.0	140.88	\N	余额充值	2026-08-30 16:21:00
475	8	consume	-69.51	71.37	337	充电结算	2026-08-30 17:39:00
476	13	consume	-9.5	9.49	338	充电结算	2026-08-30 10:01:00
477	1	consume	-15.19	47.35	339	充电结算	2026-08-30 12:03:00
478	17	consume	-21.13	71.72	340	充电结算	2026-08-30 23:58:00
479	9	consume	-16.73	58.72	341	充电结算	2026-08-30 12:35:00
480	6	consume	-32.19	36.58	342	充电结算	2026-08-30 09:39:00
481	2	consume	-29.51	59.73	343	充电结算	2026-08-30 23:23:00
482	6	recharge	100.0	136.58	\N	余额充值	2026-08-31 23:32:00
483	6	consume	-65.27	71.31	344	充电结算	2026-09-01 00:34:00
484	1	recharge	100.0	147.35	\N	余额充值	2026-08-31 10:31:00
485	1	consume	-87.39	59.96	345	充电结算	2026-08-31 11:54:00
486	16	recharge	100.0	140.34	\N	余额充值	2026-08-31 18:06:00
487	16	consume	-51.54	88.8	346	充电结算	2026-08-31 19:12:00
488	8	consume	-16.6	54.77	347	充电结算	2026-08-31 12:46:00
489	5	recharge	150.0	152.41	\N	余额充值	2026-08-31 08:06:00
490	5	consume	-55.8	96.61	348	充电结算	2026-08-31 09:38:00
491	1	recharge	100.0	159.96	\N	余额充值	2026-08-31 09:40:00
492	1	consume	-75.8	84.16	349	充电结算	2026-08-31 11:04:00
493	12	consume	-23.61	71.1	350	充电结算	2026-08-31 23:22:00
494	10	consume	-6.54	5.24	351	充电结算	2026-08-31 08:46:00
495	16	consume	-12.66	76.14	352	充电结算	2026-08-31 19:31:00
496	12	consume	-31.2	39.9	353	充电结算	2026-09-01 01:29:00
497	10	recharge	100.0	105.24	\N	余额充值	2026-08-31 17:41:00
498	10	consume	-15.41	89.83	354	充电结算	2026-08-31 20:33:00
499	2	consume	-20.99	38.74	355	充电结算	2026-08-31 19:56:00
500	4	recharge	100.0	107.25	\N	余额充值	2026-08-31 08:16:00
501	4	consume	-11.61	95.64	356	充电结算	2026-08-31 10:59:00
502	6	recharge	100.0	171.31	\N	余额充值	2026-08-31 22:37:00
503	6	consume	-106.61	64.7	357	充电结算	2026-09-01 00:09:00
504	9	recharge	100.0	158.72	\N	余额充值	2026-08-31 12:39:00
505	9	consume	-62.38	96.34	358	充电结算	2026-08-31 13:41:00
506	1	consume	-34.94	49.22	359	充电结算	2026-08-31 07:34:00
507	16	consume	-20.88	55.26	360	充电结算	2026-08-31 23:05:00
508	8	recharge	150.0	204.77	\N	余额充值	2026-08-31 17:59:00
509	8	consume	-125.1	79.67	361	充电结算	2026-08-31 19:14:00
510	9	consume	-14.53	81.81	362	充电结算	2026-08-31 03:07:00
511	3	consume	-29.64	41.67	363	充电结算	2026-08-31 22:13:00
512	6	consume	-42.8	21.9	364	充电结算	2026-08-31 12:55:00
513	9	consume	-33.63	48.18	365	充电结算	2026-08-31 09:16:00
514	5	recharge	100.0	196.61	\N	余额充值	2026-09-01 17:55:00
515	5	consume	-108.88	87.73	366	充电结算	2026-09-01 19:05:00
516	16	recharge	100.0	155.26	\N	余额充值	2026-09-01 16:56:00
517	16	consume	-76.46	78.8	367	充电结算	2026-09-01 17:49:00
518	16	consume	-53.26	25.54	368	充电结算	2026-09-01 23:51:00
519	3	consume	-21.86	19.81	369	充电结算	2026-09-01 20:52:00
520	2	consume	-22.84	15.9	370	充电结算	2026-09-01 08:39:00
521	5	consume	-9.81	77.92	371	充电结算	2026-09-01 18:05:00
522	8	consume	-38.74	40.93	372	充电结算	2026-09-01 23:38:00
523	16	recharge	150.0	175.54	\N	余额充值	2026-09-01 21:14:00
524	16	consume	-79.56	95.98	373	充电结算	2026-09-01 22:31:00
525	17	recharge	150.0	221.72	\N	余额充值	2026-09-01 17:38:00
526	17	consume	-144.01	77.71	374	充电结算	2026-09-01 19:01:00
527	15	recharge	100.0	116.39	\N	余额充值	2026-09-01 21:08:00
528	15	consume	-64.49	51.9	375	充电结算	2026-09-01 22:05:00
529	14	recharge	100.0	185.75	\N	余额充值	2026-09-01 11:04:00
530	14	consume	-103.61	82.14	376	充电结算	2026-09-01 12:31:00
531	3	recharge	100.0	119.81	\N	余额充值	2026-09-01 20:30:00
532	3	consume	-55.01	64.8	377	充电结算	2026-09-01 21:41:00
533	15	consume	-21.69	30.21	378	充电结算	2026-09-01 13:40:00
534	5	consume	-40.46	37.46	379	充电结算	2026-09-01 08:55:00
535	4	consume	-33.48	62.16	380	充电结算	2026-09-01 07:50:00
536	9	consume	-29.66	18.52	381	充电结算	2026-09-02 00:20:00
537	13	recharge	100.0	109.49	\N	余额充值	2026-09-01 07:33:00
538	13	consume	-57.02	52.47	382	充电结算	2026-09-01 08:59:00
539	11	consume	-39.34	32.87	383	充电结算	2026-09-01 11:32:00
540	11	consume	-15.06	17.81	384	充电结算	2026-09-01 13:38:00
541	8	consume	-19.81	21.12	385	充电结算	2026-09-01 21:05:00
542	3	consume	-63.72	1.08	386	充电结算	2026-09-02 18:23:00
543	17	consume	-27.66	50.05	387	充电结算	2026-09-02 14:17:00
544	13	consume	-26.23	26.24	388	充电结算	2026-09-02 22:12:00
545	7	consume	-18.54	23.31	389	充电结算	2026-09-02 22:07:00
546	9	recharge	200.0	218.52	\N	余额充值	2026-09-02 17:27:00
547	9	consume	-118.62	99.9	390	充电结算	2026-09-02 18:43:00
548	8	recharge	150.0	171.12	\N	余额充值	2026-09-02 17:33:00
549	8	consume	-92.33	78.79	391	充电结算	2026-09-02 18:51:00
550	12	consume	-32.7	7.2	392	充电结算	2026-09-02 14:45:00
551	10	recharge	100.0	189.83	\N	余额充值	2026-09-02 16:58:00
552	10	consume	-105.53	84.3	393	充电结算	2026-09-02 18:09:00
553	8	consume	-20.11	58.68	394	充电结算	2026-09-03 02:08:00
554	1	consume	-15.86	33.36	395	充电结算	2026-09-02 03:31:00
555	10	consume	-15.95	68.35	396	充电结算	2026-09-02 12:47:00
556	15	consume	-22.1	8.11	397	充电结算	2026-09-02 13:28:00
557	17	consume	-26.67	23.38	398	充电结算	2026-09-02 07:58:00
558	16	consume	-54.66	41.32	399	充电结算	2026-09-02 18:20:00
559	10	consume	-31.38	36.97	400	充电结算	2026-09-02 09:24:00
560	13	recharge	100.0	126.24	\N	余额充值	2026-09-02 18:03:00
561	13	consume	-31.15	95.09	401	充电结算	2026-09-02 23:04:00
562	9	consume	-16.58	83.32	402	充电结算	2026-09-03 03:09:00
563	7	recharge	150.0	173.31	\N	余额充值	2026-09-02 23:40:00
564	7	consume	-75.25	98.06	403	充电结算	2026-09-03 01:13:00
565	12	recharge	100.0	107.2	\N	余额充值	2026-09-03 13:49:00
566	12	consume	-51.14	56.06	404	充电结算	2026-09-03 14:55:00
567	10	consume	-17.86	19.11	405	充电结算	2026-09-03 19:10:00
568	6	consume	-19.53	2.37	406	充电结算	2026-09-03 19:54:00
569	14	recharge	100.0	182.14	\N	余额充值	2026-09-03 19:11:00
570	14	consume	-83.9	98.24	407	充电结算	2026-09-03 20:21:00
571	2	recharge	100.0	115.9	\N	余额充值	2026-09-03 07:51:00
572	2	consume	-46.44	69.46	408	充电结算	2026-09-03 09:08:00
573	17	recharge	100.0	123.38	\N	余额充值	2026-09-03 16:58:00
574	17	consume	-61.42	61.96	409	充电结算	2026-09-03 18:11:00
575	11	recharge	100.0	117.81	\N	余额充值	2026-09-03 23:52:00
576	11	consume	-20.26	97.55	410	充电结算	2026-09-04 04:24:00
577	6	recharge	150.0	152.37	\N	余额充值	2026-09-03 09:16:00
578	6	consume	-88.93	63.44	411	充电结算	2026-09-03 10:34:00
579	1	recharge	100.0	133.36	\N	余额充值	2026-09-03 16:08:00
580	1	consume	-54.71	78.65	412	充电结算	2026-09-03 17:12:00
581	16	recharge	100.0	141.32	\N	余额充值	2026-09-03 18:34:00
582	16	consume	-83.05	58.27	413	充电结算	2026-09-03 19:29:00
583	16	consume	-8.69	49.58	414	充电结算	2026-09-03 14:05:00
584	11	consume	-12.37	85.18	415	充电结算	2026-09-03 23:51:00
585	12	consume	-43.22	12.84	416	充电结算	2026-09-03 08:56:00
586	2	consume	-21.09	48.37	417	充电结算	2026-09-03 08:29:00
587	5	recharge	100.0	137.46	\N	余额充值	2026-09-03 09:17:00
588	5	consume	-68.03	69.43	418	充电结算	2026-09-03 10:35:00
589	13	consume	-18.88	76.21	419	充电结算	2026-09-03 23:14:00
590	17	consume	-15.97	45.99	420	充电结算	2026-09-03 19:56:00
591	9	consume	-20.26	63.06	421	充电结算	2026-09-03 14:44:00
592	1	consume	-43.47	35.18	422	充电结算	2026-09-03 07:33:00
593	16	recharge	100.0	149.58	\N	余额充值	2026-09-03 15:39:00
594	16	consume	-66.99	82.59	423	充电结算	2026-09-03 16:39:00
595	4	consume	-35.55	26.61	424	充电结算	2026-09-03 12:38:00
596	4	recharge	100.0	126.61	\N	余额充值	2026-09-03 18:02:00
597	4	consume	-27.32	99.29	425	充电结算	2026-09-03 22:47:00
598	7	consume	-43.62	54.44	426	充电结算	2026-09-04 09:27:00
599	16	consume	-58.6	23.99	427	充电结算	2026-09-04 09:25:00
600	3	recharge	100.0	101.08	\N	余额充值	2026-09-04 01:37:00
601	3	consume	-10.85	90.23	428	充电结算	2026-09-04 06:10:00
602	3	consume	-46.74	43.49	429	充电结算	2026-09-04 19:39:00
603	15	recharge	100.0	108.11	\N	余额充值	2026-09-04 09:47:00
604	15	consume	-53.21	54.9	430	充电结算	2026-09-04 10:40:00
605	11	consume	-11.29	73.89	431	充电结算	2026-09-04 11:37:00
606	5	consume	-8.89	60.54	432	充电结算	2026-09-04 03:48:00
607	3	recharge	100.0	143.49	\N	余额充值	2026-09-04 08:06:00
608	3	consume	-52.33	91.16	433	充电结算	2026-09-04 09:14:00
609	13	recharge	100.0	176.21	\N	余额充值	2026-09-04 13:36:00
610	13	consume	-86.2	90.01	434	充电结算	2026-09-04 14:49:00
611	2	consume	-17.24	31.13	435	充电结算	2026-09-04 08:14:00
612	15	recharge	100.0	154.9	\N	余额充值	2026-09-04 15:19:00
613	15	consume	-101.41	53.49	436	充电结算	2026-09-04 16:45:00
614	5	consume	-26.56	33.98	437	充电结算	2026-09-04 23:13:00
615	11	consume	-12.62	61.27	438	充电结算	2026-09-04 10:57:00
616	8	consume	-18.59	40.09	439	充电结算	2026-09-04 20:47:00
617	8	consume	-15.32	24.77	440	充电结算	2026-09-04 16:12:00
618	2	recharge	100.0	131.13	\N	余额充值	2026-09-04 18:54:00
619	2	consume	-66.71	64.42	441	充电结算	2026-09-04 20:22:00
620	6	consume	-23.9	39.54	442	充电结算	2026-09-04 23:27:00
621	8	recharge	100.0	124.77	\N	余额充值	2026-09-04 05:19:00
622	8	consume	-41.82	82.95	443	充电结算	2026-09-04 06:47:00
623	15	recharge	100.0	153.49	\N	余额充值	2026-09-04 13:23:00
624	15	consume	-84.23	69.26	444	充电结算	2026-09-04 14:41:00
625	4	consume	-61.23	38.06	445	充电结算	2026-09-05 17:10:00
626	10	recharge	100.0	119.11	\N	余额充值	2026-09-05 06:08:00
627	10	consume	-26.94	92.17	446	充电结算	2026-09-05 07:30:00
628	2	consume	-17.04	47.38	447	充电结算	2026-09-05 13:19:00
629	12	recharge	100.0	112.84	\N	余额充值	2026-09-05 13:01:00
630	12	consume	-45.1	67.74	448	充电结算	2026-09-05 13:55:00
631	10	recharge	100.0	192.17	\N	余额充值	2026-09-05 09:18:00
632	10	consume	-92.53	99.64	449	充电结算	2026-09-05 10:38:00
633	5	consume	-6.12	27.86	450	充电结算	2026-09-05 09:45:00
634	13	consume	-25.36	64.65	451	充电结算	2026-09-06 00:51:00
635	14	consume	-28.83	69.41	452	充电结算	2026-09-05 08:15:00
636	15	consume	-57.65	11.61	453	充电结算	2026-09-05 20:21:00
637	14	consume	-19.15	50.26	454	充电结算	2026-09-05 20:01:00
638	5	recharge	100.0	127.86	\N	余额充值	2026-09-05 16:37:00
639	5	consume	-39.88	87.98	455	充电结算	2026-09-05 17:48:00
640	13	consume	-20.3	44.35	456	充电结算	2026-09-05 19:35:00
641	11	consume	-39.03	22.24	457	充电结算	2026-09-05 13:01:00
642	17	recharge	200.0	245.99	\N	余额充值	2026-09-05 17:30:00
643	17	consume	-156.09	89.9	458	充电结算	2026-09-05 19:01:00
644	7	recharge	100.0	154.44	\N	余额充值	2026-09-05 20:34:00
645	7	consume	-96.16	58.28	459	充电结算	2026-09-05 21:34:00
646	6	recharge	100.0	139.54	\N	余额充值	2026-09-06 07:39:00
647	6	consume	-53.02	86.52	460	充电结算	2026-09-06 09:00:00
648	16	recharge	100.0	123.99	\N	余额充值	2026-09-06 18:42:00
649	16	consume	-31.82	92.17	461	充电结算	2026-09-06 23:41:00
650	14	consume	-23.73	26.53	462	充电结算	2026-09-06 23:21:00
651	7	recharge	150.0	208.28	\N	余额充值	2026-09-06 17:45:00
652	7	consume	-108.79	99.49	463	充电结算	2026-09-06 19:20:00
653	2	recharge	100.0	147.38	\N	余额充值	2026-09-06 08:43:00
654	2	consume	-49.03	98.35	464	充电结算	2026-09-06 09:43:00
655	8	consume	-15.68	67.27	465	充电结算	2026-09-06 15:56:00
656	2	consume	-24.11	74.24	466	充电结算	2026-09-06 21:07:00
657	2	consume	-13.42	60.82	467	充电结算	2026-09-06 12:18:00
658	8	recharge	150.0	217.27	\N	余额充值	2026-09-06 19:32:00
659	8	consume	-155.23	62.04	468	充电结算	2026-09-06 21:07:00
660	7	consume	-64.43	35.06	469	充电结算	2026-09-06 19:21:00
661	17	consume	-38.72	51.18	470	充电结算	2026-09-06 22:08:00
662	9	consume	-22.12	40.94	471	充电结算	2026-09-06 08:32:00
663	11	recharge	100.0	122.24	\N	余额充值	2026-09-06 07:54:00
664	11	consume	-63.64	58.6	472	充电结算	2026-09-06 09:30:00
665	12	consume	-13.67	54.07	473	充电结算	2026-09-06 12:56:00
666	17	consume	-23.25	27.93	474	充电结算	2026-09-06 06:42:00
667	11	recharge	100.0	158.6	\N	余额充值	2026-09-07 19:13:00
668	11	consume	-78.7	79.9	475	充电结算	2026-09-07 20:23:00
669	1	recharge	150.0	185.18	\N	余额充值	2026-09-07 15:17:00
670	1	consume	-99.51	85.67	476	充电结算	2026-09-07 16:46:00
671	8	consume	-20.36	41.68	477	充电结算	2026-09-07 21:52:00
672	13	consume	-17.75	26.6	478	充电结算	2026-09-08 02:06:00
673	12	consume	-25.46	28.61	479	充电结算	2026-09-07 22:40:00
674	11	consume	-9.5	70.4	480	充电结算	2026-09-07 18:29:00
675	1	consume	-66.37	19.3	481	充电结算	2026-09-07 16:37:00
676	4	recharge	100.0	138.06	\N	余额充值	2026-09-07 17:48:00
677	4	consume	-67.0	71.06	482	充电结算	2026-09-07 19:09:00
678	3	consume	-74.42	16.74	483	充电结算	2026-09-07 19:12:00
679	6	consume	-10.84	75.68	484	充电结算	2026-09-07 10:28:00
680	13	recharge	100.0	126.6	\N	余额充值	2026-09-07 08:20:00
681	13	consume	-72.65	53.95	485	充电结算	2026-09-07 09:47:00
682	1	recharge	150.0	169.3	\N	余额充值	2026-09-07 17:42:00
683	1	consume	-78.13	91.17	486	充电结算	2026-09-07 19:17:00
684	17	recharge	100.0	127.93	\N	余额充值	2026-09-07 06:45:00
685	17	consume	-31.42	96.51	487	充电结算	2026-09-07 07:50:00
686	15	recharge	100.0	111.61	\N	余额充值	2026-09-07 08:47:00
687	15	consume	-16.23	95.38	488	充电结算	2026-09-07 12:35:00
688	5	consume	-19.97	68.01	489	充电结算	2026-09-07 19:39:00
689	12	recharge	100.0	128.61	\N	余额充值	2026-09-07 17:50:00
690	12	consume	-66.24	62.37	490	充电结算	2026-09-07 19:12:00
691	13	consume	-38.06	15.89	491	充电结算	2026-09-07 01:22:00
692	14	consume	-10.54	15.99	492	充电结算	2026-09-08 11:48:00
693	4	recharge	100.0	171.06	\N	余额充值	2026-09-08 08:46:00
694	4	consume	-101.61	69.45	493	充电结算	2026-09-08 10:15:00
695	15	consume	-59.45	35.93	494	充电结算	2026-09-08 18:04:00
696	16	consume	-58.63	33.54	495	充电结算	2026-09-08 09:12:00
697	3	recharge	150.0	166.74	\N	余额充值	2026-09-08 08:26:00
698	3	consume	-72.88	93.86	496	充电结算	2026-09-08 09:33:00
699	5	consume	-34.66	33.35	497	充电结算	2026-09-08 10:29:00
700	14	recharge	100.0	115.99	\N	余额充值	2026-09-08 18:03:00
701	14	consume	-22.31	93.68	498	充电结算	2026-09-08 21:42:00
702	15	recharge	100.0	135.93	\N	余额充值	2026-09-08 13:14:00
703	15	consume	-81.58	54.35	499	充电结算	2026-09-08 14:50:00
704	3	consume	-44.39	49.47	500	充电结算	2026-09-08 17:47:00
705	3	consume	-12.67	36.8	501	充电结算	2026-09-08 22:00:00
706	13	consume	-8.84	7.05	502	充电结算	2026-09-08 18:46:00
707	5	recharge	150.0	183.35	\N	余额充值	2026-09-08 15:09:00
708	5	consume	-84.97	98.38	503	充电结算	2026-09-08 16:21:00
709	5	consume	-23.54	74.84	504	充电结算	2026-09-08 23:42:00
710	8	consume	-10.16	31.52	505	充电结算	2026-09-08 05:21:00
711	5	consume	-14.35	60.49	506	充电结算	2026-09-09 00:35:00
712	12	consume	-27.92	34.45	507	充电结算	2026-09-08 06:26:00
713	16	recharge	100.0	133.54	\N	余额充值	2026-09-08 09:57:00
714	16	consume	-55.69	77.85	508	充电结算	2026-09-08 10:46:00
715	17	consume	-19.23	77.28	509	充电结算	2026-09-08 20:46:00
716	12	consume	-25.18	9.27	510	充电结算	2026-09-08 21:30:00
717	12	recharge	100.0	109.27	\N	余额充值	2026-09-08 14:45:00
718	12	consume	-43.35	65.92	511	充电结算	2026-09-08 16:03:00
719	5	consume	-10.74	49.75	512	充电结算	2026-09-08 16:58:00
720	12	consume	-56.56	9.36	513	充电结算	2026-09-09 06:38:00
721	16	recharge	100.0	177.85	\N	余额充值	2026-09-09 15:05:00
722	16	consume	-96.7	81.15	514	充电结算	2026-09-09 16:29:00
723	6	consume	-10.57	65.11	515	充电结算	2026-09-09 09:15:00
724	6	recharge	100.0	165.11	\N	余额充值	2026-09-09 08:33:00
725	6	consume	-86.03	79.08	516	充电结算	2026-09-09 09:45:00
726	3	consume	-18.14	18.66	517	充电结算	2026-09-09 13:34:00
727	5	consume	-19.97	29.78	518	充电结算	2026-09-09 18:23:00
728	3	consume	-14.46	4.2	519	充电结算	2026-09-09 18:02:00
729	14	consume	-18.56	75.12	520	充电结算	2026-09-09 20:43:00
730	17	recharge	100.0	177.28	\N	余额充值	2026-09-09 17:25:00
731	17	consume	-80.9	96.38	521	充电结算	2026-09-09 18:17:00
732	14	consume	-36.88	38.24	522	充电结算	2026-09-09 01:31:00
733	13	recharge	100.0	107.05	\N	余额充值	2026-09-09 15:46:00
734	13	consume	-20.09	86.96	523	充电结算	2026-09-09 20:23:00
735	14	consume	-7.9	30.34	524	充电结算	2026-09-09 06:37:00
736	14	consume	-17.76	12.58	525	充电结算	2026-09-09 21:50:00
737	17	consume	-21.27	75.11	526	充电结算	2026-09-09 04:47:00
738	17	consume	-35.0	40.11	\N	换电	2026-09-07 21:24:00
739	1	consume	-69.75	21.42	527	充电消费 #527	2026-09-10 10:05:52
740	1	consume	-4.42	17.0	528	充电消费 #528	2026-09-10 10:07:06
